Oficina de ventas;Material;Texto Breve Material;Fecha;Mes;Año;Cajas
Santiago;10017091;CYT TETRA  TINTO(N) 1000 12U CL;2/7/2008;7;2008;399
Santiago;10017091;CYT TETRA  TINTO(N) 1000 12U CL;3/7/2008;7;2008;91
Santiago;10017091;CYT TETRA  TINTO(N) 1000 12U CL;4/7/2008;7;2008;332
Santiago;10017091;CYT TETRA  TINTO(N) 1000 12U CL;5/7/2008;7;2008;428
Santiago;10017091;CYT TETRA  TINTO(N) 1000 12U CL;7/7/2008;7;2008;21
Santiago;10017091;CYT TETRA  TINTO(N) 1000 12U CL;8/7/2008;7;2008;334
Santiago;10017091;CYT TETRA  TINTO(N) 1000 12U CL;9/7/2008;7;2008;277
Santiago;10017091;CYT TETRA  TINTO(N) 1000 12U CL;10/7/2008;7;2008;422
Santiago;10017091;CYT TETRA  TINTO(N) 1000 12U CL;11/7/2008;7;2008;266
Santiago;10017091;CYT TETRA  TINTO(N) 1000 12U CL;12/7/2008;7;2008;318
Santiago;10017091;CYT TETRA  TINTO(N) 1000 12U CL;14/7/2008;7;2008;0
Santiago;10017091;CYT TETRA  TINTO(N) 1000 12U CL;15/7/2008;7;2008;589
Santiago;10017091;CYT TETRA  TINTO(N) 1000 12U CL;16/7/2008;7;2008;13
Santiago;10017091;CYT TETRA  TINTO(N) 1000 12U CL;17/7/2008;7;2008;304
Santiago;10017091;CYT TETRA  TINTO(N) 1000 12U CL;18/7/2008;7;2008;375
Santiago;10017091;CYT TETRA  TINTO(N) 1000 12U CL;19/7/2008;7;2008;434
Santiago;10017091;CYT TETRA  TINTO(N) 1000 12U CL;21/7/2008;7;2008;48
Santiago;10017091;CYT TETRA  TINTO(N) 1000 12U CL;22/7/2008;7;2008;536
Santiago;10017091;CYT TETRA  TINTO(N) 1000 12U CL;23/7/2008;7;2008;1189
Santiago;10017091;CYT TETRA  TINTO(N) 1000 12U CL;24/7/2008;7;2008;981
Santiago;10017091;CYT TETRA  TINTO(N) 1000 12U CL;25/7/2008;7;2008;376
Santiago;10017091;CYT TETRA  TINTO(N) 1000 12U CL;26/7/2008;7;2008;193
Santiago;10017091;CYT TETRA  TINTO(N) 1000 12U CL;28/7/2008;7;2008;609
Santiago;10017091;CYT TETRA  TINTO(N) 1000 12U CL;29/7/2008;7;2008;575
Santiago;10017091;CYT TETRA  TINTO(N) 1000 12U CL;30/7/2008;7;2008;370
Santiago;10017091;CYT TETRA  TINTO(N) 1000 12U CL;31/7/2008;7;2008;3745
Santiago;10017091;CYT TETRA  TINTO(N) 1000 12U CL;1/8/2008;8;2008;0
Santiago;10017091;CYT TETRA  TINTO(N) 1000 12U CL;2/8/2008;8;2008;150
Santiago;10017091;CYT TETRA  TINTO(N) 1000 12U CL;4/8/2008;8;2008;0
Santiago;10017091;CYT TETRA  TINTO(N) 1000 12U CL;5/8/2008;8;2008;123
Santiago;10017091;CYT TETRA  TINTO(N) 1000 12U CL;6/8/2008;8;2008;329
Santiago;10017091;CYT TETRA  TINTO(N) 1000 12U CL;7/8/2008;8;2008;914
Santiago;10017091;CYT TETRA  TINTO(N) 1000 12U CL;8/8/2008;8;2008;373
Santiago;10017091;CYT TETRA  TINTO(N) 1000 12U CL;9/8/2008;8;2008;234
Santiago;10017091;CYT TETRA  TINTO(N) 1000 12U CL;11/8/2008;8;2008;11
Santiago;10017091;CYT TETRA  TINTO(N) 1000 12U CL;12/8/2008;8;2008;774
Santiago;10017091;CYT TETRA  TINTO(N) 1000 12U CL;13/8/2008;8;2008;462
Santiago;10017091;CYT TETRA  TINTO(N) 1000 12U CL;14/8/2008;8;2008;887
Santiago;10017091;CYT TETRA  TINTO(N) 1000 12U CL;16/8/2008;8;2008;501
Santiago;10017091;CYT TETRA  TINTO(N) 1000 12U CL;18/8/2008;8;2008;2
Santiago;10017091;CYT TETRA  TINTO(N) 1000 12U CL;19/8/2008;8;2008;444
Santiago;10017091;CYT TETRA  TINTO(N) 1000 12U CL;20/8/2008;8;2008;2012
Santiago;10017091;CYT TETRA  TINTO(N) 1000 12U CL;21/8/2008;8;2008;1706
Santiago;10017091;CYT TETRA  TINTO(N) 1000 12U CL;22/8/2008;8;2008;1557
Santiago;10017091;CYT TETRA  TINTO(N) 1000 12U CL;23/8/2008;8;2008;1524
Santiago;10017091;CYT TETRA  TINTO(N) 1000 12U CL;25/8/2008;8;2008;696
Santiago;10017091;CYT TETRA  TINTO(N) 1000 12U CL;26/8/2008;8;2008;1100
Santiago;10017091;CYT TETRA  TINTO(N) 1000 12U CL;27/8/2008;8;2008;775
Santiago;10017091;CYT TETRA  TINTO(N) 1000 12U CL;28/8/2008;8;2008;584
Santiago;10017091;CYT TETRA  TINTO(N) 1000 12U CL;29/8/2008;8;2008;998
Santiago;10017091;CYT TETRA  TINTO(N) 1000 12U CL;30/8/2008;8;2008;4327
Santiago;10017091;CYT TETRA  TINTO(N) 1000 12U CL;1/9/2008;9;2008;0
Santiago;10017091;CYT TETRA  TINTO(N) 1000 12U CL;2/9/2008;9;2008;201
Santiago;10017091;CYT TETRA  TINTO(N) 1000 12U CL;3/9/2008;9;2008;180
Santiago;10017091;CYT TETRA  TINTO(N) 1000 12U CL;4/9/2008;9;2008;131
Santiago;10017091;CYT TETRA  TINTO(N) 1000 12U CL;5/9/2008;9;2008;144
Santiago;10017091;CYT TETRA  TINTO(N) 1000 12U CL;6/9/2008;9;2008;150
Santiago;10017091;CYT TETRA  TINTO(N) 1000 12U CL;8/9/2008;9;2008;96
Santiago;10017091;CYT TETRA  TINTO(N) 1000 12U CL;9/9/2008;9;2008;136
Santiago;10017091;CYT TETRA  TINTO(N) 1000 12U CL;10/9/2008;9;2008;591
Santiago;10017091;CYT TETRA  TINTO(N) 1000 12U CL;11/9/2008;9;2008;272
Santiago;10017091;CYT TETRA  TINTO(N) 1000 12U CL;12/9/2008;9;2008;340
Santiago;10017091;CYT TETRA  TINTO(N) 1000 12U CL;13/9/2008;9;2008;379
Santiago;10017091;CYT TETRA  TINTO(N) 1000 12U CL;15/9/2008;9;2008;160
Santiago;10017091;CYT TETRA  TINTO(N) 1000 12U CL;16/9/2008;9;2008;1599
Santiago;10017091;CYT TETRA  TINTO(N) 1000 12U CL;17/9/2008;9;2008;189
Santiago;10017091;CYT TETRA  TINTO(N) 1000 12U CL;20/9/2008;9;2008;24
Santiago;10017091;CYT TETRA  TINTO(N) 1000 12U CL;22/9/2008;9;2008;25
Santiago;10017091;CYT TETRA  TINTO(N) 1000 12U CL;23/9/2008;9;2008;1058
Santiago;10017091;CYT TETRA  TINTO(N) 1000 12U CL;24/9/2008;9;2008;129
Santiago;10017091;CYT TETRA  TINTO(N) 1000 12U CL;25/9/2008;9;2008;130
Santiago;10017091;CYT TETRA  TINTO(N) 1000 12U CL;26/9/2008;9;2008;242
Santiago;10017091;CYT TETRA  TINTO(N) 1000 12U CL;27/9/2008;9;2008;117
Santiago;10017091;CYT TETRA  TINTO(N) 1000 12U CL;29/9/2008;9;2008;185
Santiago;10017091;CYT TETRA  TINTO(N) 1000 12U CL;30/9/2008;9;2008;1593
Santiago;10017091;CYT TETRA  TINTO(N) 1000 12U CL;1/10/2008;10;2008;0
Santiago;10017091;CYT TETRA  TINTO(N) 1000 12U CL;2/10/2008;10;2008;55
Santiago;10017091;CYT TETRA  TINTO(N) 1000 12U CL;3/10/2008;10;2008;105
Santiago;10017091;CYT TETRA  TINTO(N) 1000 12U CL;4/10/2008;10;2008;83
Santiago;10017091;CYT TETRA  TINTO(N) 1000 12U CL;6/10/2008;10;2008;0
Santiago;10017091;CYT TETRA  TINTO(N) 1000 12U CL;7/10/2008;10;2008;93
Santiago;10017091;CYT TETRA  TINTO(N) 1000 12U CL;8/10/2008;10;2008;95
Santiago;10017091;CYT TETRA  TINTO(N) 1000 12U CL;9/10/2008;10;2008;100
Santiago;10017091;CYT TETRA  TINTO(N) 1000 12U CL;10/10/2008;10;2008;243
Santiago;10017091;CYT TETRA  TINTO(N) 1000 12U CL;11/10/2008;10;2008;149
Santiago;10017091;CYT TETRA  TINTO(N) 1000 12U CL;13/10/2008;10;2008;24
Santiago;10017091;CYT TETRA  TINTO(N) 1000 12U CL;14/10/2008;10;2008;159
Santiago;10017091;CYT TETRA  TINTO(N) 1000 12U CL;15/10/2008;10;2008;162
Santiago;10017091;CYT TETRA  TINTO(N) 1000 12U CL;16/10/2008;10;2008;105
Santiago;10017091;CYT TETRA  TINTO(N) 1000 12U CL;17/10/2008;10;2008;262
Santiago;10017091;CYT TETRA  TINTO(N) 1000 12U CL;18/10/2008;10;2008;241
Santiago;10017091;CYT TETRA  TINTO(N) 1000 12U CL;20/10/2008;10;2008;41
Santiago;10017091;CYT TETRA  TINTO(N) 1000 12U CL;21/10/2008;10;2008;105
Santiago;10017091;CYT TETRA  TINTO(N) 1000 12U CL;22/10/2008;10;2008;219
Santiago;10017091;CYT TETRA  TINTO(N) 1000 12U CL;23/10/2008;10;2008;226
Santiago;10017091;CYT TETRA  TINTO(N) 1000 12U CL;24/10/2008;10;2008;293
Santiago;10017091;CYT TETRA  TINTO(N) 1000 12U CL;25/10/2008;10;2008;1149
Santiago;10017091;CYT TETRA  TINTO(N) 1000 12U CL;27/10/2008;10;2008;0
Santiago;10017091;CYT TETRA  TINTO(N) 1000 12U CL;28/10/2008;10;2008;370
Santiago;10017091;CYT TETRA  TINTO(N) 1000 12U CL;29/10/2008;10;2008;2303
Santiago;10017091;CYT TETRA  TINTO(N) 1000 12U CL;30/10/2008;10;2008;2025
Santiago;10017091;CYT TETRA  TINTO(N) 1000 12U CL;31/10/2008;10;2008;3646
Santiago;10017091;CYT TETRA  TINTO(N) 1000 12U CL;3/11/2008;11;2008;0
Santiago;10017091;CYT TETRA  TINTO(N) 1000 12U CL;4/11/2008;11;2008;151
Santiago;10017091;CYT TETRA  TINTO(N) 1000 12U CL;5/11/2008;11;2008;146
Santiago;10017091;CYT TETRA  TINTO(N) 1000 12U CL;6/11/2008;11;2008;141
Santiago;10017091;CYT TETRA  TINTO(N) 1000 12U CL;7/11/2008;11;2008;148
Santiago;10017091;CYT TETRA  TINTO(N) 1000 12U CL;8/11/2008;11;2008;321
Santiago;10017091;CYT TETRA  TINTO(N) 1000 12U CL;10/11/2008;11;2008;4
Santiago;10017091;CYT TETRA  TINTO(N) 1000 12U CL;11/11/2008;11;2008;282
Santiago;10017091;CYT TETRA  TINTO(N) 1000 12U CL;12/11/2008;11;2008;239
Santiago;10017091;CYT TETRA  TINTO(N) 1000 12U CL;13/11/2008;11;2008;138
Santiago;10017091;CYT TETRA  TINTO(N) 1000 12U CL;14/11/2008;11;2008;184
Santiago;10017091;CYT TETRA  TINTO(N) 1000 12U CL;15/11/2008;11;2008;114
Santiago;10017091;CYT TETRA  TINTO(N) 1000 12U CL;17/11/2008;11;2008;0
Santiago;10017091;CYT TETRA  TINTO(N) 1000 12U CL;18/11/2008;11;2008;351
Santiago;10017091;CYT TETRA  TINTO(N) 1000 12U CL;19/11/2008;11;2008;183
Santiago;10017091;CYT TETRA  TINTO(N) 1000 12U CL;20/11/2008;11;2008;121
Santiago;10017091;CYT TETRA  TINTO(N) 1000 12U CL;21/11/2008;11;2008;281
Santiago;10017091;CYT TETRA  TINTO(N) 1000 12U CL;22/11/2008;11;2008;135
Santiago;10017091;CYT TETRA  TINTO(N) 1000 12U CL;24/11/2008;11;2008;0
Santiago;10017091;CYT TETRA  TINTO(N) 1000 12U CL;25/11/2008;11;2008;937
Santiago;10017091;CYT TETRA  TINTO(N) 1000 12U CL;26/11/2008;11;2008;284
Santiago;10017091;CYT TETRA  TINTO(N) 1000 12U CL;27/11/2008;11;2008;634
Santiago;10017091;CYT TETRA  TINTO(N) 1000 12U CL;28/11/2008;11;2008;2767
Santiago;10017091;CYT TETRA  TINTO(N) 1000 12U CL;29/11/2008;11;2008;1449
Santiago;10017091;CYT TETRA  TINTO(N) 1000 12U CL;1/12/2008;12;2008;0
Santiago;10017091;CYT TETRA  TINTO(N) 1000 12U CL;2/12/2008;12;2008;53
Santiago;10017091;CYT TETRA  TINTO(N) 1000 12U CL;3/12/2008;12;2008;198
Santiago;10017091;CYT TETRA  TINTO(N) 1000 12U CL;4/12/2008;12;2008;108
Santiago;10017091;CYT TETRA  TINTO(N) 1000 12U CL;5/12/2008;12;2008;176
Santiago;10017091;CYT TETRA  TINTO(N) 1000 12U CL;6/12/2008;12;2008;249
Santiago;10017091;CYT TETRA  TINTO(N) 1000 12U CL;9/12/2008;12;2008;0
Santiago;10017091;CYT TETRA  TINTO(N) 1000 12U CL;10/12/2008;12;2008;273
Santiago;10017091;CYT TETRA  TINTO(N) 1000 12U CL;11/12/2008;12;2008;415
Santiago;10017091;CYT TETRA  TINTO(N) 1000 12U CL;12/12/2008;12;2008;173
Santiago;10017091;CYT TETRA  TINTO(N) 1000 12U CL;13/12/2008;12;2008;268
Santiago;10017091;CYT TETRA  TINTO(N) 1000 12U CL;15/12/2008;12;2008;14
Santiago;10017091;CYT TETRA  TINTO(N) 1000 12U CL;16/12/2008;12;2008;175
Santiago;10017091;CYT TETRA  TINTO(N) 1000 12U CL;17/12/2008;12;2008;424
Santiago;10017091;CYT TETRA  TINTO(N) 1000 12U CL;18/12/2008;12;2008;2063
Santiago;10017091;CYT TETRA  TINTO(N) 1000 12U CL;19/12/2008;12;2008;718
Santiago;10017091;CYT TETRA  TINTO(N) 1000 12U CL;20/12/2008;12;2008;183
Santiago;10017091;CYT TETRA  TINTO(N) 1000 12U CL;22/12/2008;12;2008;348
Santiago;10017091;CYT TETRA  TINTO(N) 1000 12U CL;23/12/2008;12;2008;559
Santiago;10017091;CYT TETRA  TINTO(N) 1000 12U CL;24/12/2008;12;2008;128
Santiago;10017091;CYT TETRA  TINTO(N) 1000 12U CL;26/12/2008;12;2008;395
Santiago;10017091;CYT TETRA  TINTO(N) 1000 12U CL;27/12/2008;12;2008;992
Santiago;10017091;CYT TETRA  TINTO(N) 1000 12U CL;29/12/2008;12;2008;522
Santiago;10017091;CYT TETRA  TINTO(N) 1000 12U CL;30/12/2008;12;2008;305
Santiago;10017091;CYT TETRA  TINTO(N) 1000 12U CL;31/12/2008;12;2008;4563
Santiago;10017091;CYT TETRA  TINTO(N) 1000 12U CL;2/1/2009;1;2009;0
Santiago;10017091;CYT TETRA  TINTO(N) 1000 12U CL;3/1/2009;1;2009;8
Santiago;10017091;CYT TETRA  TINTO(N) 1000 12U CL;5/1/2009;1;2009;0
Santiago;10017091;CYT TETRA  TINTO(N) 1000 12U CL;6/1/2009;1;2009;64
Santiago;10017091;CYT TETRA  TINTO(N) 1000 12U CL;7/1/2009;1;2009;49
Santiago;10017091;CYT TETRA  TINTO(N) 1000 12U CL;8/1/2009;1;2009;63
Santiago;10017091;CYT TETRA  TINTO(N) 1000 12U CL;9/1/2009;1;2009;134
Santiago;10017091;CYT TETRA  TINTO(N) 1000 12U CL;10/1/2009;1;2009;60
Santiago;10017091;CYT TETRA  TINTO(N) 1000 12U CL;12/1/2009;1;2009;0
Santiago;10017091;CYT TETRA  TINTO(N) 1000 12U CL;13/1/2009;1;2009;90
Santiago;10017091;CYT TETRA  TINTO(N) 1000 12U CL;14/1/2009;1;2009;48
Santiago;10017091;CYT TETRA  TINTO(N) 1000 12U CL;15/1/2009;1;2009;68
Santiago;10017091;CYT TETRA  TINTO(N) 1000 12U CL;16/1/2009;1;2009;114
Santiago;10017091;CYT TETRA  TINTO(N) 1000 12U CL;17/1/2009;1;2009;77
Santiago;10017091;CYT TETRA  TINTO(N) 1000 12U CL;19/1/2009;1;2009;69
Santiago;10017091;CYT TETRA  TINTO(N) 1000 12U CL;20/1/2009;1;2009;92
Santiago;10017091;CYT TETRA  TINTO(N) 1000 12U CL;21/1/2009;1;2009;114
Santiago;10017091;CYT TETRA  TINTO(N) 1000 12U CL;22/1/2009;1;2009;70
Santiago;10017091;CYT TETRA  TINTO(N) 1000 12U CL;23/1/2009;1;2009;122
Santiago;10017091;CYT TETRA  TINTO(N) 1000 12U CL;24/1/2009;1;2009;134
Santiago;10017091;CYT TETRA  TINTO(N) 1000 12U CL;26/1/2009;1;2009;40
Santiago;10017091;CYT TETRA  TINTO(N) 1000 12U CL;27/1/2009;1;2009;77
Santiago;10017091;CYT TETRA  TINTO(N) 1000 12U CL;28/1/2009;1;2009;243
Santiago;10017091;CYT TETRA  TINTO(N) 1000 12U CL;29/1/2009;1;2009;147
Santiago;10017091;CYT TETRA  TINTO(N) 1000 12U CL;30/1/2009;1;2009;480
Santiago;10017091;CYT TETRA  TINTO(N) 1000 12U CL;31/1/2009;1;2009;1026
Santiago;10017091;CYT TETRA  TINTO(N) 1000 12U CL;2/2/2009;2;2009;0
Santiago;10017091;CYT TETRA  TINTO(N) 1000 12U CL;3/2/2009;2;2009;35
Santiago;10017091;CYT TETRA  TINTO(N) 1000 12U CL;4/2/2009;2;2009;66
Santiago;10017091;CYT TETRA  TINTO(N) 1000 12U CL;5/2/2009;2;2009;58
Santiago;10017091;CYT TETRA  TINTO(N) 1000 12U CL;6/2/2009;2;2009;73
Santiago;10017091;CYT TETRA  TINTO(N) 1000 12U CL;7/2/2009;2;2009;97
Santiago;10017091;CYT TETRA  TINTO(N) 1000 12U CL;9/2/2009;2;2009;13
Santiago;10017091;CYT TETRA  TINTO(N) 1000 12U CL;10/2/2009;2;2009;145
Santiago;10017091;CYT TETRA  TINTO(N) 1000 12U CL;11/2/2009;2;2009;128
Santiago;10017091;CYT TETRA  TINTO(N) 1000 12U CL;12/2/2009;2;2009;189
Santiago;10017091;CYT TETRA  TINTO(N) 1000 12U CL;13/2/2009;2;2009;107
Santiago;10017091;CYT TETRA  TINTO(N) 1000 12U CL;14/2/2009;2;2009;120
Santiago;10017091;CYT TETRA  TINTO(N) 1000 12U CL;16/2/2009;2;2009;10
Santiago;10017091;CYT TETRA  TINTO(N) 1000 12U CL;17/2/2009;2;2009;56
Santiago;10017091;CYT TETRA  TINTO(N) 1000 12U CL;18/2/2009;2;2009;64
Santiago;10017091;CYT TETRA  TINTO(N) 1000 12U CL;19/2/2009;2;2009;163
Santiago;10017091;CYT TETRA  TINTO(N) 1000 12U CL;20/2/2009;2;2009;58
Santiago;10017091;CYT TETRA  TINTO(N) 1000 12U CL;21/2/2009;2;2009;124
Santiago;10017091;CYT TETRA  TINTO(N) 1000 12U CL;23/2/2009;2;2009;0
Santiago;10017091;CYT TETRA  TINTO(N) 1000 12U CL;24/2/2009;2;2009;188
Santiago;10017091;CYT TETRA  TINTO(N) 1000 12U CL;25/2/2009;2;2009;221
Santiago;10017091;CYT TETRA  TINTO(N) 1000 12U CL;26/2/2009;2;2009;239
Santiago;10017091;CYT TETRA  TINTO(N) 1000 12U CL;27/2/2009;2;2009;3260
Santiago;10017091;CYT TETRA  TINTO(N) 1000 12U CL;28/2/2009;2;2009;1335
Santiago;10017091;CYT TETRA  TINTO(N) 1000 12U CL;2/3/2009;3;2009;0
Santiago;10017091;CYT TETRA  TINTO(N) 1000 12U CL;3/3/2009;3;2009;109
Santiago;10017091;CYT TETRA  TINTO(N) 1000 12U CL;4/3/2009;3;2009;158
Santiago;10017091;CYT TETRA  TINTO(N) 1000 12U CL;5/3/2009;3;2009;175
Santiago;10017091;CYT TETRA  TINTO(N) 1000 12U CL;6/3/2009;3;2009;247
Santiago;10017091;CYT TETRA  TINTO(N) 1000 12U CL;7/3/2009;3;2009;139
Santiago;10017091;CYT TETRA  TINTO(N) 1000 12U CL;9/3/2009;3;2009;0
Santiago;10017091;CYT TETRA  TINTO(N) 1000 12U CL;10/3/2009;3;2009;186
Santiago;10017091;CYT TETRA  TINTO(N) 1000 12U CL;11/3/2009;3;2009;230
Santiago;10017091;CYT TETRA  TINTO(N) 1000 12U CL;12/3/2009;3;2009;195
Santiago;10017091;CYT TETRA  TINTO(N) 1000 12U CL;13/3/2009;3;2009;129
Santiago;10017091;CYT TETRA  TINTO(N) 1000 12U CL;14/3/2009;3;2009;161
Santiago;10017091;CYT TETRA  TINTO(N) 1000 12U CL;16/3/2009;3;2009;10
Santiago;10017091;CYT TETRA  TINTO(N) 1000 12U CL;17/3/2009;3;2009;241
Santiago;10017091;CYT TETRA  TINTO(N) 1000 12U CL;18/3/2009;3;2009;234
Santiago;10017091;CYT TETRA  TINTO(N) 1000 12U CL;19/3/2009;3;2009;265
Santiago;10017091;CYT TETRA  TINTO(N) 1000 12U CL;20/3/2009;3;2009;158
Santiago;10017091;CYT TETRA  TINTO(N) 1000 12U CL;21/3/2009;3;2009;166
Santiago;10017091;CYT TETRA  TINTO(N) 1000 12U CL;23/3/2009;3;2009;7
Santiago;10017091;CYT TETRA  TINTO(N) 1000 12U CL;24/3/2009;3;2009;516
Santiago;10017091;CYT TETRA  TINTO(N) 1000 12U CL;25/3/2009;3;2009;134
Santiago;10017091;CYT TETRA  TINTO(N) 1000 12U CL;26/3/2009;3;2009;200
Santiago;10017091;CYT TETRA  TINTO(N) 1000 12U CL;27/3/2009;3;2009;256
Santiago;10017091;CYT TETRA  TINTO(N) 1000 12U CL;28/3/2009;3;2009;294
Santiago;10017091;CYT TETRA  TINTO(N) 1000 12U CL;30/3/2009;3;2009;224
Santiago;10017091;CYT TETRA  TINTO(N) 1000 12U CL;31/3/2009;3;2009;2156
Santiago;10017091;CYT TETRA  TINTO(N) 1000 12U CL;1/4/2009;4;2009;0
Santiago;10017091;CYT TETRA  TINTO(N) 1000 12U CL;2/4/2009;4;2009;21
Santiago;10017091;CYT TETRA  TINTO(N) 1000 12U CL;3/4/2009;4;2009;84
Santiago;10017091;CYT TETRA  TINTO(N) 1000 12U CL;4/4/2009;4;2009;37
Santiago;10017091;CYT TETRA  TINTO(N) 1000 12U CL;6/4/2009;4;2009;0
Santiago;10017091;CYT TETRA  TINTO(N) 1000 12U CL;7/4/2009;4;2009;192
Santiago;10017091;CYT TETRA  TINTO(N) 1000 12U CL;8/4/2009;4;2009;551
Santiago;10017091;CYT TETRA  TINTO(N) 1000 12U CL;9/4/2009;4;2009;272
Santiago;10017091;CYT TETRA  TINTO(N) 1000 12U CL;11/4/2009;4;2009;236
Santiago;10017091;CYT TETRA  TINTO(N) 1000 12U CL;13/4/2009;4;2009;87
Santiago;10017091;CYT TETRA  TINTO(N) 1000 12U CL;14/4/2009;4;2009;179
Santiago;10017091;CYT TETRA  TINTO(N) 1000 12U CL;15/4/2009;4;2009;243
Santiago;10017091;CYT TETRA  TINTO(N) 1000 12U CL;16/4/2009;4;2009;124
Santiago;10017091;CYT TETRA  TINTO(N) 1000 12U CL;17/4/2009;4;2009;110
Santiago;10017091;CYT TETRA  TINTO(N) 1000 12U CL;18/4/2009;4;2009;315
Santiago;10017091;CYT TETRA  TINTO(N) 1000 12U CL;20/4/2009;4;2009;70
Santiago;10017091;CYT TETRA  TINTO(N) 1000 12U CL;21/4/2009;4;2009;143
Santiago;10017091;CYT TETRA  TINTO(N) 1000 12U CL;22/4/2009;4;2009;333
Santiago;10017091;CYT TETRA  TINTO(N) 1000 12U CL;23/4/2009;4;2009;289
Santiago;10017091;CYT TETRA  TINTO(N) 1000 12U CL;24/4/2009;4;2009;228
Santiago;10017091;CYT TETRA  TINTO(N) 1000 12U CL;25/4/2009;4;2009;328
Santiago;10017091;CYT TETRA  TINTO(N) 1000 12U CL;27/4/2009;4;2009;20
Santiago;10017091;CYT TETRA  TINTO(N) 1000 12U CL;28/4/2009;4;2009;721
Santiago;10017091;CYT TETRA  TINTO(N) 1000 12U CL;29/4/2009;4;2009;521
Santiago;10017091;CYT TETRA  TINTO(N) 1000 12U CL;30/4/2009;4;2009;3995
Santiago;10017091;CYT TETRA  TINTO(N) 1000 12U CL;2/5/2009;5;2009;0
Santiago;10017091;CYT TETRA  TINTO(N) 1000 12U CL;4/5/2009;5;2009;0
Santiago;10017091;CYT TETRA  TINTO(N) 1000 12U CL;5/5/2009;5;2009;346
Santiago;10017091;CYT TETRA  TINTO(N) 1000 12U CL;6/5/2009;5;2009;655
Santiago;10017091;CYT TETRA  TINTO(N) 1000 12U CL;7/5/2009;5;2009;231
Santiago;10017091;CYT TETRA  TINTO(N) 1000 12U CL;8/5/2009;5;2009;168
Santiago;10017091;CYT TETRA  TINTO(N) 1000 12U CL;9/5/2009;5;2009;483
Santiago;10017091;CYT TETRA  TINTO(N) 1000 12U CL;11/5/2009;5;2009;74
Santiago;10017091;CYT TETRA  TINTO(N) 1000 12U CL;12/5/2009;5;2009;228
Santiago;10017091;CYT TETRA  TINTO(N) 1000 12U CL;13/5/2009;5;2009;411
Santiago;10017091;CYT TETRA  TINTO(N) 1000 12U CL;14/5/2009;5;2009;350
Santiago;10017091;CYT TETRA  TINTO(N) 1000 12U CL;15/5/2009;5;2009;446
Santiago;10017091;CYT TETRA  TINTO(N) 1000 12U CL;16/5/2009;5;2009;191
Santiago;10017091;CYT TETRA  TINTO(N) 1000 12U CL;18/5/2009;5;2009;119
Santiago;10017091;CYT TETRA  TINTO(N) 1000 12U CL;19/5/2009;5;2009;278
Santiago;10017091;CYT TETRA  TINTO(N) 1000 12U CL;20/5/2009;5;2009;716
Santiago;10017091;CYT TETRA  TINTO(N) 1000 12U CL;22/5/2009;5;2009;327
Santiago;10017091;CYT TETRA  TINTO(N) 1000 12U CL;23/5/2009;5;2009;560
Santiago;10017091;CYT TETRA  TINTO(N) 1000 12U CL;25/5/2009;5;2009;113
Santiago;10017091;CYT TETRA  TINTO(N) 1000 12U CL;26/5/2009;5;2009;388
Santiago;10017091;CYT TETRA  TINTO(N) 1000 12U CL;27/5/2009;5;2009;1230
Santiago;10017091;CYT TETRA  TINTO(N) 1000 12U CL;28/5/2009;5;2009;264
Santiago;10017091;CYT TETRA  TINTO(N) 1000 12U CL;29/5/2009;5;2009;946
Santiago;10017091;CYT TETRA  TINTO(N) 1000 12U CL;30/5/2009;5;2009;3754
Santiago;10017091;CYT TETRA  TINTO(N) 1000 12U CL;1/6/2009;6;2009;0
Santiago;10017091;CYT TETRA  TINTO(N) 1000 12U CL;2/6/2009;6;2009;227
Santiago;10017091;CYT TETRA  TINTO(N) 1000 12U CL;3/6/2009;6;2009;324
Santiago;10017091;CYT TETRA  TINTO(N) 1000 12U CL;4/6/2009;6;2009;232
Santiago;10017091;CYT TETRA  TINTO(N) 1000 12U CL;5/6/2009;6;2009;354
Santiago;10017091;CYT TETRA  TINTO(N) 1000 12U CL;6/6/2009;6;2009;383
Santiago;10017091;CYT TETRA  TINTO(N) 1000 12U CL;8/6/2009;6;2009;40
Santiago;10017091;CYT TETRA  TINTO(N) 1000 12U CL;9/6/2009;6;2009;434
Santiago;10017091;CYT TETRA  TINTO(N) 1000 12U CL;10/6/2009;6;2009;834
Santiago;10017091;CYT TETRA  TINTO(N) 1000 12U CL;11/6/2009;6;2009;411
Santiago;10017091;CYT TETRA  TINTO(N) 1000 12U CL;12/6/2009;6;2009;919
Santiago;10017091;CYT TETRA  TINTO(N) 1000 12U CL;13/6/2009;6;2009;304
Santiago;10017091;CYT TETRA  TINTO(N) 1000 12U CL;15/6/2009;6;2009;123
Santiago;10017091;CYT TETRA  TINTO(N) 1000 12U CL;16/6/2009;6;2009;471
Santiago;10017091;CYT TETRA  TINTO(N) 1000 12U CL;17/6/2009;6;2009;777
Santiago;10017091;CYT TETRA  TINTO(N) 1000 12U CL;18/6/2009;6;2009;433
Santiago;10017091;CYT TETRA  TINTO(N) 1000 12U CL;19/6/2009;6;2009;875
Santiago;10017091;CYT TETRA  TINTO(N) 1000 12U CL;20/6/2009;6;2009;378
Santiago;10017091;CYT TETRA  TINTO(N) 1000 12U CL;22/6/2009;6;2009;11
Santiago;10017091;CYT TETRA  TINTO(N) 1000 12U CL;23/6/2009;6;2009;1487
Santiago;10017091;CYT TETRA  TINTO(N) 1000 12U CL;24/6/2009;6;2009;431
Santiago;10017091;CYT TETRA  TINTO(N) 1000 12U CL;25/6/2009;6;2009;814
Santiago;10017091;CYT TETRA  TINTO(N) 1000 12U CL;26/6/2009;6;2009;1409
Santiago;10017091;CYT TETRA  TINTO(N) 1000 12U CL;27/6/2009;6;2009;498
Santiago;10017091;CYT TETRA  TINTO(N) 1000 12U CL;30/6/2009;6;2009;4589
Santiago;10017114;CYT TETRA  CAB.SAUV(N) 2000 6U CL;1/7/2008;7;2008;1
Santiago;10017114;CYT TETRA  CAB.SAUV(N) 2000 6U CL;2/7/2008;7;2008;460
Santiago;10017114;CYT TETRA  CAB.SAUV(N) 2000 6U CL;3/7/2008;7;2008;429
Santiago;10017114;CYT TETRA  CAB.SAUV(N) 2000 6U CL;4/7/2008;7;2008;780
Santiago;10017114;CYT TETRA  CAB.SAUV(N) 2000 6U CL;5/7/2008;7;2008;314
Santiago;10017114;CYT TETRA  CAB.SAUV(N) 2000 6U CL;7/7/2008;7;2008;32
Santiago;10017114;CYT TETRA  CAB.SAUV(N) 2000 6U CL;8/7/2008;7;2008;545
Santiago;10017114;CYT TETRA  CAB.SAUV(N) 2000 6U CL;9/7/2008;7;2008;715
Santiago;10017114;CYT TETRA  CAB.SAUV(N) 2000 6U CL;10/7/2008;7;2008;1890
Santiago;10017114;CYT TETRA  CAB.SAUV(N) 2000 6U CL;11/7/2008;7;2008;967
Santiago;10017114;CYT TETRA  CAB.SAUV(N) 2000 6U CL;12/7/2008;7;2008;288
Santiago;10017114;CYT TETRA  CAB.SAUV(N) 2000 6U CL;14/7/2008;7;2008;8
Santiago;10017114;CYT TETRA  CAB.SAUV(N) 2000 6U CL;15/7/2008;7;2008;994
Santiago;10017114;CYT TETRA  CAB.SAUV(N) 2000 6U CL;16/7/2008;7;2008;22
Santiago;10017114;CYT TETRA  CAB.SAUV(N) 2000 6U CL;17/7/2008;7;2008;1033
Santiago;10017114;CYT TETRA  CAB.SAUV(N) 2000 6U CL;18/7/2008;7;2008;1265
Santiago;10017114;CYT TETRA  CAB.SAUV(N) 2000 6U CL;19/7/2008;7;2008;958
Santiago;10017114;CYT TETRA  CAB.SAUV(N) 2000 6U CL;21/7/2008;7;2008;89
Santiago;10017114;CYT TETRA  CAB.SAUV(N) 2000 6U CL;22/7/2008;7;2008;1001
Santiago;10017114;CYT TETRA  CAB.SAUV(N) 2000 6U CL;23/7/2008;7;2008;1590
Santiago;10017114;CYT TETRA  CAB.SAUV(N) 2000 6U CL;24/7/2008;7;2008;1497
Santiago;10017114;CYT TETRA  CAB.SAUV(N) 2000 6U CL;25/7/2008;7;2008;1023
Santiago;10017114;CYT TETRA  CAB.SAUV(N) 2000 6U CL;26/7/2008;7;2008;843
Santiago;10017114;CYT TETRA  CAB.SAUV(N) 2000 6U CL;28/7/2008;7;2008;456
Santiago;10017114;CYT TETRA  CAB.SAUV(N) 2000 6U CL;29/7/2008;7;2008;1112
Santiago;10017114;CYT TETRA  CAB.SAUV(N) 2000 6U CL;30/7/2008;7;2008;3085
Santiago;10017114;CYT TETRA  CAB.SAUV(N) 2000 6U CL;31/7/2008;7;2008;12766
Santiago;10017114;CYT TETRA  CAB.SAUV(N) 2000 6U CL;1/8/2008;8;2008;0
Santiago;10017114;CYT TETRA  CAB.SAUV(N) 2000 6U CL;2/8/2008;8;2008;427
Santiago;10017114;CYT TETRA  CAB.SAUV(N) 2000 6U CL;4/8/2008;8;2008;0
Santiago;10017114;CYT TETRA  CAB.SAUV(N) 2000 6U CL;5/8/2008;8;2008;442
Santiago;10017114;CYT TETRA  CAB.SAUV(N) 2000 6U CL;6/8/2008;8;2008;896
Santiago;10017114;CYT TETRA  CAB.SAUV(N) 2000 6U CL;7/8/2008;8;2008;1448
Santiago;10017114;CYT TETRA  CAB.SAUV(N) 2000 6U CL;8/8/2008;8;2008;789
Santiago;10017114;CYT TETRA  CAB.SAUV(N) 2000 6U CL;9/8/2008;8;2008;467
Santiago;10017114;CYT TETRA  CAB.SAUV(N) 2000 6U CL;11/8/2008;8;2008;1673
Santiago;10017114;CYT TETRA  CAB.SAUV(N) 2000 6U CL;12/8/2008;8;2008;883
Santiago;10017114;CYT TETRA  CAB.SAUV(N) 2000 6U CL;13/8/2008;8;2008;1467
Santiago;10017114;CYT TETRA  CAB.SAUV(N) 2000 6U CL;14/8/2008;8;2008;1178
Santiago;10017114;CYT TETRA  CAB.SAUV(N) 2000 6U CL;16/8/2008;8;2008;906
Santiago;10017114;CYT TETRA  CAB.SAUV(N) 2000 6U CL;18/8/2008;8;2008;64
Santiago;10017114;CYT TETRA  CAB.SAUV(N) 2000 6U CL;19/8/2008;8;2008;2541
Santiago;10017114;CYT TETRA  CAB.SAUV(N) 2000 6U CL;20/8/2008;8;2008;1390
Santiago;10017114;CYT TETRA  CAB.SAUV(N) 2000 6U CL;21/8/2008;8;2008;2037
Santiago;10017114;CYT TETRA  CAB.SAUV(N) 2000 6U CL;22/8/2008;8;2008;1787
Santiago;10017114;CYT TETRA  CAB.SAUV(N) 2000 6U CL;23/8/2008;8;2008;1402
Santiago;10017114;CYT TETRA  CAB.SAUV(N) 2000 6U CL;25/8/2008;8;2008;2238
Santiago;10017114;CYT TETRA  CAB.SAUV(N) 2000 6U CL;26/8/2008;8;2008;5569
Santiago;10017114;CYT TETRA  CAB.SAUV(N) 2000 6U CL;27/8/2008;8;2008;2626
Santiago;10017114;CYT TETRA  CAB.SAUV(N) 2000 6U CL;28/8/2008;8;2008;4108
Santiago;10017114;CYT TETRA  CAB.SAUV(N) 2000 6U CL;29/8/2008;8;2008;1871
Santiago;10017114;CYT TETRA  CAB.SAUV(N) 2000 6U CL;30/8/2008;8;2008;21503
Santiago;10017114;CYT TETRA  CAB.SAUV(N) 2000 6U CL;1/9/2008;9;2008;0
Santiago;10017114;CYT TETRA  CAB.SAUV(N) 2000 6U CL;2/9/2008;9;2008;1809
Santiago;10017114;CYT TETRA  CAB.SAUV(N) 2000 6U CL;3/9/2008;9;2008;529
Santiago;10017114;CYT TETRA  CAB.SAUV(N) 2000 6U CL;4/9/2008;9;2008;2289
Santiago;10017114;CYT TETRA  CAB.SAUV(N) 2000 6U CL;5/9/2008;9;2008;703
Santiago;10017114;CYT TETRA  CAB.SAUV(N) 2000 6U CL;6/9/2008;9;2008;450
Santiago;10017114;CYT TETRA  CAB.SAUV(N) 2000 6U CL;8/9/2008;9;2008;1190
Santiago;10017114;CYT TETRA  CAB.SAUV(N) 2000 6U CL;9/9/2008;9;2008;361
Santiago;10017114;CYT TETRA  CAB.SAUV(N) 2000 6U CL;10/9/2008;9;2008;1606
Santiago;10017114;CYT TETRA  CAB.SAUV(N) 2000 6U CL;11/9/2008;9;2008;989
Santiago;10017114;CYT TETRA  CAB.SAUV(N) 2000 6U CL;12/9/2008;9;2008;1215
Santiago;10017114;CYT TETRA  CAB.SAUV(N) 2000 6U CL;13/9/2008;9;2008;931
Santiago;10017114;CYT TETRA  CAB.SAUV(N) 2000 6U CL;15/9/2008;9;2008;408
Santiago;10017114;CYT TETRA  CAB.SAUV(N) 2000 6U CL;16/9/2008;9;2008;1190
Santiago;10017114;CYT TETRA  CAB.SAUV(N) 2000 6U CL;17/9/2008;9;2008;789
Santiago;10017114;CYT TETRA  CAB.SAUV(N) 2000 6U CL;20/9/2008;9;2008;129
Santiago;10017114;CYT TETRA  CAB.SAUV(N) 2000 6U CL;22/9/2008;9;2008;0
Santiago;10017114;CYT TETRA  CAB.SAUV(N) 2000 6U CL;23/9/2008;9;2008;3420
Santiago;10017114;CYT TETRA  CAB.SAUV(N) 2000 6U CL;24/9/2008;9;2008;384
Santiago;10017114;CYT TETRA  CAB.SAUV(N) 2000 6U CL;25/9/2008;9;2008;538
Santiago;10017114;CYT TETRA  CAB.SAUV(N) 2000 6U CL;26/9/2008;9;2008;344
Santiago;10017114;CYT TETRA  CAB.SAUV(N) 2000 6U CL;27/9/2008;9;2008;190
Santiago;10017114;CYT TETRA  CAB.SAUV(N) 2000 6U CL;29/9/2008;9;2008;496
Santiago;10017114;CYT TETRA  CAB.SAUV(N) 2000 6U CL;30/9/2008;9;2008;7135
Santiago;10017114;CYT TETRA  CAB.SAUV(N) 2000 6U CL;1/10/2008;10;2008;3
Santiago;10017114;CYT TETRA  CAB.SAUV(N) 2000 6U CL;2/10/2008;10;2008;165
Santiago;10017114;CYT TETRA  CAB.SAUV(N) 2000 6U CL;3/10/2008;10;2008;267
Santiago;10017114;CYT TETRA  CAB.SAUV(N) 2000 6U CL;4/10/2008;10;2008;137
Santiago;10017114;CYT TETRA  CAB.SAUV(N) 2000 6U CL;6/10/2008;10;2008;17
Santiago;10017114;CYT TETRA  CAB.SAUV(N) 2000 6U CL;7/10/2008;10;2008;231
Santiago;10017114;CYT TETRA  CAB.SAUV(N) 2000 6U CL;8/10/2008;10;2008;249
Santiago;10017114;CYT TETRA  CAB.SAUV(N) 2000 6U CL;9/10/2008;10;2008;1659
Santiago;10017114;CYT TETRA  CAB.SAUV(N) 2000 6U CL;10/10/2008;10;2008;517
Santiago;10017114;CYT TETRA  CAB.SAUV(N) 2000 6U CL;11/10/2008;10;2008;179
Santiago;10017114;CYT TETRA  CAB.SAUV(N) 2000 6U CL;13/10/2008;10;2008;54
Santiago;10017114;CYT TETRA  CAB.SAUV(N) 2000 6U CL;14/10/2008;10;2008;317
Santiago;10017114;CYT TETRA  CAB.SAUV(N) 2000 6U CL;15/10/2008;10;2008;627
Santiago;10017114;CYT TETRA  CAB.SAUV(N) 2000 6U CL;16/10/2008;10;2008;402
Santiago;10017114;CYT TETRA  CAB.SAUV(N) 2000 6U CL;17/10/2008;10;2008;460
Santiago;10017114;CYT TETRA  CAB.SAUV(N) 2000 6U CL;18/10/2008;10;2008;258
Santiago;10017114;CYT TETRA  CAB.SAUV(N) 2000 6U CL;20/10/2008;10;2008;0
Santiago;10017114;CYT TETRA  CAB.SAUV(N) 2000 6U CL;21/10/2008;10;2008;300
Santiago;10017114;CYT TETRA  CAB.SAUV(N) 2000 6U CL;22/10/2008;10;2008;711
Santiago;10017114;CYT TETRA  CAB.SAUV(N) 2000 6U CL;23/10/2008;10;2008;432
Santiago;10017114;CYT TETRA  CAB.SAUV(N) 2000 6U CL;24/10/2008;10;2008;697
Santiago;10017114;CYT TETRA  CAB.SAUV(N) 2000 6U CL;25/10/2008;10;2008;343
Santiago;10017114;CYT TETRA  CAB.SAUV(N) 2000 6U CL;27/10/2008;10;2008;1131
Santiago;10017114;CYT TETRA  CAB.SAUV(N) 2000 6U CL;28/10/2008;10;2008;1658
Santiago;10017114;CYT TETRA  CAB.SAUV(N) 2000 6U CL;29/10/2008;10;2008;1149
Santiago;10017114;CYT TETRA  CAB.SAUV(N) 2000 6U CL;30/10/2008;10;2008;734
Santiago;10017114;CYT TETRA  CAB.SAUV(N) 2000 6U CL;31/10/2008;10;2008;1725
Santiago;10017114;CYT TETRA  CAB.SAUV(N) 2000 6U CL;3/11/2008;11;2008;0
Santiago;10017114;CYT TETRA  CAB.SAUV(N) 2000 6U CL;4/11/2008;11;2008;501
Santiago;10017114;CYT TETRA  CAB.SAUV(N) 2000 6U CL;5/11/2008;11;2008;365
Santiago;10017114;CYT TETRA  CAB.SAUV(N) 2000 6U CL;6/11/2008;11;2008;390
Santiago;10017114;CYT TETRA  CAB.SAUV(N) 2000 6U CL;7/11/2008;11;2008;521
Santiago;10017114;CYT TETRA  CAB.SAUV(N) 2000 6U CL;8/11/2008;11;2008;343
Santiago;10017114;CYT TETRA  CAB.SAUV(N) 2000 6U CL;10/11/2008;11;2008;0
Santiago;10017114;CYT TETRA  CAB.SAUV(N) 2000 6U CL;11/11/2008;11;2008;674
Santiago;10017114;CYT TETRA  CAB.SAUV(N) 2000 6U CL;12/11/2008;11;2008;675
Santiago;10017114;CYT TETRA  CAB.SAUV(N) 2000 6U CL;13/11/2008;11;2008;343
Santiago;10017114;CYT TETRA  CAB.SAUV(N) 2000 6U CL;14/11/2008;11;2008;757
Santiago;10017114;CYT TETRA  CAB.SAUV(N) 2000 6U CL;15/11/2008;11;2008;223
Santiago;10017114;CYT TETRA  CAB.SAUV(N) 2000 6U CL;17/11/2008;11;2008;0
Santiago;10017114;CYT TETRA  CAB.SAUV(N) 2000 6U CL;18/11/2008;11;2008;529
Santiago;10017114;CYT TETRA  CAB.SAUV(N) 2000 6U CL;19/11/2008;11;2008;366
Santiago;10017114;CYT TETRA  CAB.SAUV(N) 2000 6U CL;20/11/2008;11;2008;357
Santiago;10017114;CYT TETRA  CAB.SAUV(N) 2000 6U CL;21/11/2008;11;2008;2035
Santiago;10017114;CYT TETRA  CAB.SAUV(N) 2000 6U CL;22/11/2008;11;2008;364
Santiago;10017114;CYT TETRA  CAB.SAUV(N) 2000 6U CL;24/11/2008;11;2008;50
Santiago;10017114;CYT TETRA  CAB.SAUV(N) 2000 6U CL;25/11/2008;11;2008;385
Santiago;10017114;CYT TETRA  CAB.SAUV(N) 2000 6U CL;26/11/2008;11;2008;1833
Santiago;10017114;CYT TETRA  CAB.SAUV(N) 2000 6U CL;27/11/2008;11;2008;1169
Santiago;10017114;CYT TETRA  CAB.SAUV(N) 2000 6U CL;28/11/2008;11;2008;6005
Santiago;10017114;CYT TETRA  CAB.SAUV(N) 2000 6U CL;29/11/2008;11;2008;2413
Santiago;10017114;CYT TETRA  CAB.SAUV(N) 2000 6U CL;30/11/2008;11;2008;0
Santiago;10017114;CYT TETRA  CAB.SAUV(N) 2000 6U CL;1/12/2008;12;2008;0
Santiago;10017114;CYT TETRA  CAB.SAUV(N) 2000 6U CL;2/12/2008;12;2008;149
Santiago;10017114;CYT TETRA  CAB.SAUV(N) 2000 6U CL;3/12/2008;12;2008;494
Santiago;10017114;CYT TETRA  CAB.SAUV(N) 2000 6U CL;4/12/2008;12;2008;422
Santiago;10017114;CYT TETRA  CAB.SAUV(N) 2000 6U CL;5/12/2008;12;2008;483
Santiago;10017114;CYT TETRA  CAB.SAUV(N) 2000 6U CL;6/12/2008;12;2008;465
Santiago;10017114;CYT TETRA  CAB.SAUV(N) 2000 6U CL;9/12/2008;12;2008;33
Santiago;10017114;CYT TETRA  CAB.SAUV(N) 2000 6U CL;10/12/2008;12;2008;1047
Santiago;10017114;CYT TETRA  CAB.SAUV(N) 2000 6U CL;11/12/2008;12;2008;628
Santiago;10017114;CYT TETRA  CAB.SAUV(N) 2000 6U CL;12/12/2008;12;2008;926
Santiago;10017114;CYT TETRA  CAB.SAUV(N) 2000 6U CL;13/12/2008;12;2008;721
Santiago;10017114;CYT TETRA  CAB.SAUV(N) 2000 6U CL;15/12/2008;12;2008;7
Santiago;10017114;CYT TETRA  CAB.SAUV(N) 2000 6U CL;16/12/2008;12;2008;2452
Santiago;10017114;CYT TETRA  CAB.SAUV(N) 2000 6U CL;17/12/2008;12;2008;1293
Santiago;10017114;CYT TETRA  CAB.SAUV(N) 2000 6U CL;18/12/2008;12;2008;1198
Santiago;10017114;CYT TETRA  CAB.SAUV(N) 2000 6U CL;19/12/2008;12;2008;1484
Santiago;10017114;CYT TETRA  CAB.SAUV(N) 2000 6U CL;20/12/2008;12;2008;724
Santiago;10017114;CYT TETRA  CAB.SAUV(N) 2000 6U CL;22/12/2008;12;2008;645
Santiago;10017114;CYT TETRA  CAB.SAUV(N) 2000 6U CL;23/12/2008;12;2008;2831
Santiago;10017114;CYT TETRA  CAB.SAUV(N) 2000 6U CL;24/12/2008;12;2008;586
Santiago;10017114;CYT TETRA  CAB.SAUV(N) 2000 6U CL;26/12/2008;12;2008;1039
Santiago;10017114;CYT TETRA  CAB.SAUV(N) 2000 6U CL;27/12/2008;12;2008;1022
Santiago;10017114;CYT TETRA  CAB.SAUV(N) 2000 6U CL;29/12/2008;12;2008;1339
Santiago;10017114;CYT TETRA  CAB.SAUV(N) 2000 6U CL;30/12/2008;12;2008;1307
Santiago;10017114;CYT TETRA  CAB.SAUV(N) 2000 6U CL;31/12/2008;12;2008;9060
Santiago;10017114;CYT TETRA  CAB.SAUV(N) 2000 6U CL;2/1/2009;1;2009;0
Santiago;10017114;CYT TETRA  CAB.SAUV(N) 2000 6U CL;3/1/2009;1;2009;37
Santiago;10017114;CYT TETRA  CAB.SAUV(N) 2000 6U CL;5/1/2009;1;2009;0
Santiago;10017114;CYT TETRA  CAB.SAUV(N) 2000 6U CL;6/1/2009;1;2009;165
Santiago;10017114;CYT TETRA  CAB.SAUV(N) 2000 6U CL;7/1/2009;1;2009;229
Santiago;10017114;CYT TETRA  CAB.SAUV(N) 2000 6U CL;8/1/2009;1;2009;142
Santiago;10017114;CYT TETRA  CAB.SAUV(N) 2000 6U CL;9/1/2009;1;2009;405
Santiago;10017114;CYT TETRA  CAB.SAUV(N) 2000 6U CL;10/1/2009;1;2009;179
Santiago;10017114;CYT TETRA  CAB.SAUV(N) 2000 6U CL;12/1/2009;1;2009;0
Santiago;10017114;CYT TETRA  CAB.SAUV(N) 2000 6U CL;13/1/2009;1;2009;128
Santiago;10017114;CYT TETRA  CAB.SAUV(N) 2000 6U CL;14/1/2009;1;2009;357
Santiago;10017114;CYT TETRA  CAB.SAUV(N) 2000 6U CL;15/1/2009;1;2009;152
Santiago;10017114;CYT TETRA  CAB.SAUV(N) 2000 6U CL;16/1/2009;1;2009;346
Santiago;10017114;CYT TETRA  CAB.SAUV(N) 2000 6U CL;17/1/2009;1;2009;80
Santiago;10017114;CYT TETRA  CAB.SAUV(N) 2000 6U CL;19/1/2009;1;2009;87
Santiago;10017114;CYT TETRA  CAB.SAUV(N) 2000 6U CL;20/1/2009;1;2009;167
Santiago;10017114;CYT TETRA  CAB.SAUV(N) 2000 6U CL;21/1/2009;1;2009;584
Santiago;10017114;CYT TETRA  CAB.SAUV(N) 2000 6U CL;22/1/2009;1;2009;278
Santiago;10017114;CYT TETRA  CAB.SAUV(N) 2000 6U CL;23/1/2009;1;2009;527
Santiago;10017114;CYT TETRA  CAB.SAUV(N) 2000 6U CL;24/1/2009;1;2009;541
Santiago;10017114;CYT TETRA  CAB.SAUV(N) 2000 6U CL;26/1/2009;1;2009;352
Santiago;10017114;CYT TETRA  CAB.SAUV(N) 2000 6U CL;27/1/2009;1;2009;352
Santiago;10017114;CYT TETRA  CAB.SAUV(N) 2000 6U CL;28/1/2009;1;2009;958
Santiago;10017114;CYT TETRA  CAB.SAUV(N) 2000 6U CL;29/1/2009;1;2009;498
Santiago;10017114;CYT TETRA  CAB.SAUV(N) 2000 6U CL;30/1/2009;1;2009;1047
Santiago;10017114;CYT TETRA  CAB.SAUV(N) 2000 6U CL;31/1/2009;1;2009;2402
Santiago;10017114;CYT TETRA  CAB.SAUV(N) 2000 6U CL;2/2/2009;2;2009;0
Santiago;10017114;CYT TETRA  CAB.SAUV(N) 2000 6U CL;3/2/2009;2;2009;151
Santiago;10017114;CYT TETRA  CAB.SAUV(N) 2000 6U CL;4/2/2009;2;2009;166
Santiago;10017114;CYT TETRA  CAB.SAUV(N) 2000 6U CL;5/2/2009;2;2009;313
Santiago;10017114;CYT TETRA  CAB.SAUV(N) 2000 6U CL;6/2/2009;2;2009;236
Santiago;10017114;CYT TETRA  CAB.SAUV(N) 2000 6U CL;7/2/2009;2;2009;172
Santiago;10017114;CYT TETRA  CAB.SAUV(N) 2000 6U CL;9/2/2009;2;2009;22
Santiago;10017114;CYT TETRA  CAB.SAUV(N) 2000 6U CL;10/2/2009;2;2009;487
Santiago;10017114;CYT TETRA  CAB.SAUV(N) 2000 6U CL;11/2/2009;2;2009;375
Santiago;10017114;CYT TETRA  CAB.SAUV(N) 2000 6U CL;12/2/2009;2;2009;711
Santiago;10017114;CYT TETRA  CAB.SAUV(N) 2000 6U CL;13/2/2009;2;2009;328
Santiago;10017114;CYT TETRA  CAB.SAUV(N) 2000 6U CL;14/2/2009;2;2009;133
Santiago;10017114;CYT TETRA  CAB.SAUV(N) 2000 6U CL;16/2/2009;2;2009;71
Santiago;10017114;CYT TETRA  CAB.SAUV(N) 2000 6U CL;17/2/2009;2;2009;151
Santiago;10017114;CYT TETRA  CAB.SAUV(N) 2000 6U CL;18/2/2009;2;2009;708
Santiago;10017114;CYT TETRA  CAB.SAUV(N) 2000 6U CL;19/2/2009;2;2009;696
Santiago;10017114;CYT TETRA  CAB.SAUV(N) 2000 6U CL;20/2/2009;2;2009;288
Santiago;10017114;CYT TETRA  CAB.SAUV(N) 2000 6U CL;21/2/2009;2;2009;308
Santiago;10017114;CYT TETRA  CAB.SAUV(N) 2000 6U CL;23/2/2009;2;2009;69
Santiago;10017114;CYT TETRA  CAB.SAUV(N) 2000 6U CL;24/2/2009;2;2009;863
Santiago;10017114;CYT TETRA  CAB.SAUV(N) 2000 6U CL;25/2/2009;2;2009;906
Santiago;10017114;CYT TETRA  CAB.SAUV(N) 2000 6U CL;26/2/2009;2;2009;993
Santiago;10017114;CYT TETRA  CAB.SAUV(N) 2000 6U CL;27/2/2009;2;2009;3037
Santiago;10017114;CYT TETRA  CAB.SAUV(N) 2000 6U CL;28/2/2009;2;2009;1273
Santiago;10017114;CYT TETRA  CAB.SAUV(N) 2000 6U CL;2/3/2009;3;2009;0
Santiago;10017114;CYT TETRA  CAB.SAUV(N) 2000 6U CL;3/3/2009;3;2009;297
Santiago;10017114;CYT TETRA  CAB.SAUV(N) 2000 6U CL;4/3/2009;3;2009;489
Santiago;10017114;CYT TETRA  CAB.SAUV(N) 2000 6U CL;5/3/2009;3;2009;587
Santiago;10017114;CYT TETRA  CAB.SAUV(N) 2000 6U CL;6/3/2009;3;2009;459
Santiago;10017114;CYT TETRA  CAB.SAUV(N) 2000 6U CL;7/3/2009;3;2009;329
Santiago;10017114;CYT TETRA  CAB.SAUV(N) 2000 6U CL;9/3/2009;3;2009;1
Santiago;10017114;CYT TETRA  CAB.SAUV(N) 2000 6U CL;10/3/2009;3;2009;486
Santiago;10017114;CYT TETRA  CAB.SAUV(N) 2000 6U CL;11/3/2009;3;2009;910
Santiago;10017114;CYT TETRA  CAB.SAUV(N) 2000 6U CL;12/3/2009;3;2009;1635
Santiago;10017114;CYT TETRA  CAB.SAUV(N) 2000 6U CL;13/3/2009;3;2009;588
Santiago;10017114;CYT TETRA  CAB.SAUV(N) 2000 6U CL;14/3/2009;3;2009;338
Santiago;10017114;CYT TETRA  CAB.SAUV(N) 2000 6U CL;16/3/2009;3;2009;15
Santiago;10017114;CYT TETRA  CAB.SAUV(N) 2000 6U CL;17/3/2009;3;2009;601
Santiago;10017114;CYT TETRA  CAB.SAUV(N) 2000 6U CL;18/3/2009;3;2009;548
Santiago;10017114;CYT TETRA  CAB.SAUV(N) 2000 6U CL;19/3/2009;3;2009;772
Santiago;10017114;CYT TETRA  CAB.SAUV(N) 2000 6U CL;20/3/2009;3;2009;544
Santiago;10017114;CYT TETRA  CAB.SAUV(N) 2000 6U CL;21/3/2009;3;2009;335
Santiago;10017114;CYT TETRA  CAB.SAUV(N) 2000 6U CL;23/3/2009;3;2009;23
Santiago;10017114;CYT TETRA  CAB.SAUV(N) 2000 6U CL;24/3/2009;3;2009;469
Santiago;10017114;CYT TETRA  CAB.SAUV(N) 2000 6U CL;25/3/2009;3;2009;746
Santiago;10017114;CYT TETRA  CAB.SAUV(N) 2000 6U CL;26/3/2009;3;2009;514
Santiago;10017114;CYT TETRA  CAB.SAUV(N) 2000 6U CL;27/3/2009;3;2009;722
Santiago;10017114;CYT TETRA  CAB.SAUV(N) 2000 6U CL;28/3/2009;3;2009;1256
Santiago;10017114;CYT TETRA  CAB.SAUV(N) 2000 6U CL;30/3/2009;3;2009;243
Santiago;10017114;CYT TETRA  CAB.SAUV(N) 2000 6U CL;31/3/2009;3;2009;5420
Santiago;10017114;CYT TETRA  CAB.SAUV(N) 2000 6U CL;1/4/2009;4;2009;0
Santiago;10017114;CYT TETRA  CAB.SAUV(N) 2000 6U CL;2/4/2009;4;2009;72
Santiago;10017114;CYT TETRA  CAB.SAUV(N) 2000 6U CL;3/4/2009;4;2009;275
Santiago;10017114;CYT TETRA  CAB.SAUV(N) 2000 6U CL;4/4/2009;4;2009;164
Santiago;10017114;CYT TETRA  CAB.SAUV(N) 2000 6U CL;6/4/2009;4;2009;0
Santiago;10017114;CYT TETRA  CAB.SAUV(N) 2000 6U CL;7/4/2009;4;2009;488
Santiago;10017114;CYT TETRA  CAB.SAUV(N) 2000 6U CL;8/4/2009;4;2009;1485
Santiago;10017114;CYT TETRA  CAB.SAUV(N) 2000 6U CL;9/4/2009;4;2009;728
Santiago;10017114;CYT TETRA  CAB.SAUV(N) 2000 6U CL;11/4/2009;4;2009;420
Santiago;10017114;CYT TETRA  CAB.SAUV(N) 2000 6U CL;13/4/2009;4;2009;0
Santiago;10017114;CYT TETRA  CAB.SAUV(N) 2000 6U CL;14/4/2009;4;2009;1056
Santiago;10017114;CYT TETRA  CAB.SAUV(N) 2000 6U CL;15/4/2009;4;2009;879
Santiago;10017114;CYT TETRA  CAB.SAUV(N) 2000 6U CL;16/4/2009;4;2009;314
Santiago;10017114;CYT TETRA  CAB.SAUV(N) 2000 6U CL;17/4/2009;4;2009;360
Santiago;10017114;CYT TETRA  CAB.SAUV(N) 2000 6U CL;18/4/2009;4;2009;940
Santiago;10017114;CYT TETRA  CAB.SAUV(N) 2000 6U CL;20/4/2009;4;2009;85
Santiago;10017114;CYT TETRA  CAB.SAUV(N) 2000 6U CL;21/4/2009;4;2009;417
Santiago;10017114;CYT TETRA  CAB.SAUV(N) 2000 6U CL;22/4/2009;4;2009;1281
Santiago;10017114;CYT TETRA  CAB.SAUV(N) 2000 6U CL;23/4/2009;4;2009;767
Santiago;10017114;CYT TETRA  CAB.SAUV(N) 2000 6U CL;24/4/2009;4;2009;801
Santiago;10017114;CYT TETRA  CAB.SAUV(N) 2000 6U CL;25/4/2009;4;2009;794
Santiago;10017114;CYT TETRA  CAB.SAUV(N) 2000 6U CL;27/4/2009;4;2009;550
Santiago;10017114;CYT TETRA  CAB.SAUV(N) 2000 6U CL;28/4/2009;4;2009;1181
Santiago;10017114;CYT TETRA  CAB.SAUV(N) 2000 6U CL;29/4/2009;4;2009;2202
Santiago;10017114;CYT TETRA  CAB.SAUV(N) 2000 6U CL;30/4/2009;4;2009;5997
Santiago;10017114;CYT TETRA  CAB.SAUV(N) 2000 6U CL;2/5/2009;5;2009;0
Santiago;10017114;CYT TETRA  CAB.SAUV(N) 2000 6U CL;4/5/2009;5;2009;0
Santiago;10017114;CYT TETRA  CAB.SAUV(N) 2000 6U CL;5/5/2009;5;2009;784
Santiago;10017114;CYT TETRA  CAB.SAUV(N) 2000 6U CL;6/5/2009;5;2009;1594
Santiago;10017114;CYT TETRA  CAB.SAUV(N) 2000 6U CL;7/5/2009;5;2009;788
Santiago;10017114;CYT TETRA  CAB.SAUV(N) 2000 6U CL;8/5/2009;5;2009;934
Santiago;10017114;CYT TETRA  CAB.SAUV(N) 2000 6U CL;9/5/2009;5;2009;694
Santiago;10017114;CYT TETRA  CAB.SAUV(N) 2000 6U CL;11/5/2009;5;2009;307
Santiago;10017114;CYT TETRA  CAB.SAUV(N) 2000 6U CL;12/5/2009;5;2009;780
Santiago;10017114;CYT TETRA  CAB.SAUV(N) 2000 6U CL;13/5/2009;5;2009;1159
Santiago;10017114;CYT TETRA  CAB.SAUV(N) 2000 6U CL;14/5/2009;5;2009;638
Santiago;10017114;CYT TETRA  CAB.SAUV(N) 2000 6U CL;15/5/2009;5;2009;1048
Santiago;10017114;CYT TETRA  CAB.SAUV(N) 2000 6U CL;16/5/2009;5;2009;495
Santiago;10017114;CYT TETRA  CAB.SAUV(N) 2000 6U CL;18/5/2009;5;2009;1179
Santiago;10017114;CYT TETRA  CAB.SAUV(N) 2000 6U CL;19/5/2009;5;2009;2561
Santiago;10017114;CYT TETRA  CAB.SAUV(N) 2000 6U CL;20/5/2009;5;2009;2385
Santiago;10017114;CYT TETRA  CAB.SAUV(N) 2000 6U CL;22/5/2009;5;2009;569
Santiago;10017114;CYT TETRA  CAB.SAUV(N) 2000 6U CL;23/5/2009;5;2009;1152
Santiago;10017114;CYT TETRA  CAB.SAUV(N) 2000 6U CL;25/5/2009;5;2009;611
Santiago;10017114;CYT TETRA  CAB.SAUV(N) 2000 6U CL;26/5/2009;5;2009;1298
Santiago;10017114;CYT TETRA  CAB.SAUV(N) 2000 6U CL;27/5/2009;5;2009;2098
Santiago;10017114;CYT TETRA  CAB.SAUV(N) 2000 6U CL;28/5/2009;5;2009;1358
Santiago;10017114;CYT TETRA  CAB.SAUV(N) 2000 6U CL;29/5/2009;5;2009;1476
Santiago;10017114;CYT TETRA  CAB.SAUV(N) 2000 6U CL;30/5/2009;5;2009;5658
Santiago;10017114;CYT TETRA  CAB.SAUV(N) 2000 6U CL;1/6/2009;6;2009;0
Santiago;10017114;CYT TETRA  CAB.SAUV(N) 2000 6U CL;2/6/2009;6;2009;736
Santiago;10017114;CYT TETRA  CAB.SAUV(N) 2000 6U CL;3/6/2009;6;2009;846
Santiago;10017114;CYT TETRA  CAB.SAUV(N) 2000 6U CL;4/6/2009;6;2009;1127
Santiago;10017114;CYT TETRA  CAB.SAUV(N) 2000 6U CL;5/6/2009;6;2009;731
Santiago;10017114;CYT TETRA  CAB.SAUV(N) 2000 6U CL;6/6/2009;6;2009;453
Santiago;10017114;CYT TETRA  CAB.SAUV(N) 2000 6U CL;8/6/2009;6;2009;0
Santiago;10017114;CYT TETRA  CAB.SAUV(N) 2000 6U CL;9/6/2009;6;2009;798
Santiago;10017114;CYT TETRA  CAB.SAUV(N) 2000 6U CL;10/6/2009;6;2009;1109
Santiago;10017114;CYT TETRA  CAB.SAUV(N) 2000 6U CL;11/6/2009;6;2009;904
Santiago;10017114;CYT TETRA  CAB.SAUV(N) 2000 6U CL;12/6/2009;6;2009;968
Santiago;10017114;CYT TETRA  CAB.SAUV(N) 2000 6U CL;13/6/2009;6;2009;529
Santiago;10017114;CYT TETRA  CAB.SAUV(N) 2000 6U CL;15/6/2009;6;2009;303
Santiago;10017114;CYT TETRA  CAB.SAUV(N) 2000 6U CL;16/6/2009;6;2009;1922
Santiago;10017114;CYT TETRA  CAB.SAUV(N) 2000 6U CL;17/6/2009;6;2009;1429
Santiago;10017114;CYT TETRA  CAB.SAUV(N) 2000 6U CL;18/6/2009;6;2009;2232
Santiago;10017114;CYT TETRA  CAB.SAUV(N) 2000 6U CL;19/6/2009;6;2009;2268
Santiago;10017114;CYT TETRA  CAB.SAUV(N) 2000 6U CL;20/6/2009;6;2009;634
Santiago;10017114;CYT TETRA  CAB.SAUV(N) 2000 6U CL;22/6/2009;6;2009;276
Santiago;10017114;CYT TETRA  CAB.SAUV(N) 2000 6U CL;23/6/2009;6;2009;2829
Santiago;10017114;CYT TETRA  CAB.SAUV(N) 2000 6U CL;24/6/2009;6;2009;3931
Santiago;10017114;CYT TETRA  CAB.SAUV(N) 2000 6U CL;25/6/2009;6;2009;2198
Santiago;10017114;CYT TETRA  CAB.SAUV(N) 2000 6U CL;26/6/2009;6;2009;2778
Santiago;10017114;CYT TETRA  CAB.SAUV(N) 2000 6U CL;27/6/2009;6;2009;1137
Santiago;10017114;CYT TETRA  CAB.SAUV(N) 2000 6U CL;30/6/2009;6;2009;25620
Santiago;10017124;CYT TETRA  TINTO(N) 1500 8U CL;2/7/2008;7;2008;494
Santiago;10017124;CYT TETRA  TINTO(N) 1500 8U CL;3/7/2008;7;2008;153
Santiago;10017124;CYT TETRA  TINTO(N) 1500 8U CL;4/7/2008;7;2008;833
Santiago;10017124;CYT TETRA  TINTO(N) 1500 8U CL;5/7/2008;7;2008;437
Santiago;10017124;CYT TETRA  TINTO(N) 1500 8U CL;7/7/2008;7;2008;114
Santiago;10017124;CYT TETRA  TINTO(N) 1500 8U CL;8/7/2008;7;2008;403
Santiago;10017124;CYT TETRA  TINTO(N) 1500 8U CL;9/7/2008;7;2008;620
Santiago;10017124;CYT TETRA  TINTO(N) 1500 8U CL;10/7/2008;7;2008;901
Santiago;10017124;CYT TETRA  TINTO(N) 1500 8U CL;11/7/2008;7;2008;378
Santiago;10017124;CYT TETRA  TINTO(N) 1500 8U CL;12/7/2008;7;2008;187
Santiago;10017124;CYT TETRA  TINTO(N) 1500 8U CL;14/7/2008;7;2008;7
Santiago;10017124;CYT TETRA  TINTO(N) 1500 8U CL;15/7/2008;7;2008;698
Santiago;10017124;CYT TETRA  TINTO(N) 1500 8U CL;16/7/2008;7;2008;29
Santiago;10017124;CYT TETRA  TINTO(N) 1500 8U CL;17/7/2008;7;2008;367
Santiago;10017124;CYT TETRA  TINTO(N) 1500 8U CL;18/7/2008;7;2008;565
Santiago;10017124;CYT TETRA  TINTO(N) 1500 8U CL;19/7/2008;7;2008;583
Santiago;10017124;CYT TETRA  TINTO(N) 1500 8U CL;21/7/2008;7;2008;0
Santiago;10017124;CYT TETRA  TINTO(N) 1500 8U CL;22/7/2008;7;2008;754
Santiago;10017124;CYT TETRA  TINTO(N) 1500 8U CL;23/7/2008;7;2008;928
Santiago;10017124;CYT TETRA  TINTO(N) 1500 8U CL;24/7/2008;7;2008;1044
Santiago;10017124;CYT TETRA  TINTO(N) 1500 8U CL;25/7/2008;7;2008;348
Santiago;10017124;CYT TETRA  TINTO(N) 1500 8U CL;26/7/2008;7;2008;279
Santiago;10017124;CYT TETRA  TINTO(N) 1500 8U CL;28/7/2008;7;2008;504
Santiago;10017124;CYT TETRA  TINTO(N) 1500 8U CL;29/7/2008;7;2008;574
Santiago;10017124;CYT TETRA  TINTO(N) 1500 8U CL;30/7/2008;7;2008;704
Santiago;10017124;CYT TETRA  TINTO(N) 1500 8U CL;31/7/2008;7;2008;5630
Santiago;10017124;CYT TETRA  TINTO(N) 1500 8U CL;1/8/2008;8;2008;0
Santiago;10017124;CYT TETRA  TINTO(N) 1500 8U CL;2/8/2008;8;2008;193
Santiago;10017124;CYT TETRA  TINTO(N) 1500 8U CL;4/8/2008;8;2008;0
Santiago;10017124;CYT TETRA  TINTO(N) 1500 8U CL;5/8/2008;8;2008;208
Santiago;10017124;CYT TETRA  TINTO(N) 1500 8U CL;6/8/2008;8;2008;289
Santiago;10017124;CYT TETRA  TINTO(N) 1500 8U CL;7/8/2008;8;2008;1350
Santiago;10017124;CYT TETRA  TINTO(N) 1500 8U CL;8/8/2008;8;2008;686
Santiago;10017124;CYT TETRA  TINTO(N) 1500 8U CL;9/8/2008;8;2008;251
Santiago;10017124;CYT TETRA  TINTO(N) 1500 8U CL;11/8/2008;8;2008;1036
Santiago;10017124;CYT TETRA  TINTO(N) 1500 8U CL;12/8/2008;8;2008;597
Santiago;10017124;CYT TETRA  TINTO(N) 1500 8U CL;13/8/2008;8;2008;874
Santiago;10017124;CYT TETRA  TINTO(N) 1500 8U CL;14/8/2008;8;2008;897
Santiago;10017124;CYT TETRA  TINTO(N) 1500 8U CL;16/8/2008;8;2008;517
Santiago;10017124;CYT TETRA  TINTO(N) 1500 8U CL;18/8/2008;8;2008;60
Santiago;10017124;CYT TETRA  TINTO(N) 1500 8U CL;19/8/2008;8;2008;554
Santiago;10017124;CYT TETRA  TINTO(N) 1500 8U CL;20/8/2008;8;2008;890
Santiago;10017124;CYT TETRA  TINTO(N) 1500 8U CL;21/8/2008;8;2008;2409
Santiago;10017124;CYT TETRA  TINTO(N) 1500 8U CL;22/8/2008;8;2008;946
Santiago;10017124;CYT TETRA  TINTO(N) 1500 8U CL;23/8/2008;8;2008;2180
Santiago;10017124;CYT TETRA  TINTO(N) 1500 8U CL;25/8/2008;8;2008;1268
Santiago;10017124;CYT TETRA  TINTO(N) 1500 8U CL;26/8/2008;8;2008;3004
Santiago;10017124;CYT TETRA  TINTO(N) 1500 8U CL;27/8/2008;8;2008;1376
Santiago;10017124;CYT TETRA  TINTO(N) 1500 8U CL;28/8/2008;8;2008;1113
Santiago;10017124;CYT TETRA  TINTO(N) 1500 8U CL;29/8/2008;8;2008;1592
Santiago;10017124;CYT TETRA  TINTO(N) 1500 8U CL;30/8/2008;8;2008;2895
Santiago;10017124;CYT TETRA  TINTO(N) 1500 8U CL;1/9/2008;9;2008;0
Santiago;10017124;CYT TETRA  TINTO(N) 1500 8U CL;2/9/2008;9;2008;341
Santiago;10017124;CYT TETRA  TINTO(N) 1500 8U CL;3/9/2008;9;2008;275
Santiago;10017124;CYT TETRA  TINTO(N) 1500 8U CL;4/9/2008;9;2008;734
Santiago;10017124;CYT TETRA  TINTO(N) 1500 8U CL;5/9/2008;9;2008;150
Santiago;10017124;CYT TETRA  TINTO(N) 1500 8U CL;6/9/2008;9;2008;175
Santiago;10017124;CYT TETRA  TINTO(N) 1500 8U CL;8/9/2008;9;2008;163
Santiago;10017124;CYT TETRA  TINTO(N) 1500 8U CL;9/9/2008;9;2008;222
Santiago;10017124;CYT TETRA  TINTO(N) 1500 8U CL;10/9/2008;9;2008;609
Santiago;10017124;CYT TETRA  TINTO(N) 1500 8U CL;11/9/2008;9;2008;419
Santiago;10017124;CYT TETRA  TINTO(N) 1500 8U CL;12/9/2008;9;2008;520
Santiago;10017124;CYT TETRA  TINTO(N) 1500 8U CL;13/9/2008;9;2008;377
Santiago;10017124;CYT TETRA  TINTO(N) 1500 8U CL;15/9/2008;9;2008;163
Santiago;10017124;CYT TETRA  TINTO(N) 1500 8U CL;16/9/2008;9;2008;406
Santiago;10017124;CYT TETRA  TINTO(N) 1500 8U CL;17/9/2008;9;2008;344
Santiago;10017124;CYT TETRA  TINTO(N) 1500 8U CL;20/9/2008;9;2008;20
Santiago;10017124;CYT TETRA  TINTO(N) 1500 8U CL;22/9/2008;9;2008;0
Santiago;10017124;CYT TETRA  TINTO(N) 1500 8U CL;23/9/2008;9;2008;591
Santiago;10017124;CYT TETRA  TINTO(N) 1500 8U CL;24/9/2008;9;2008;127
Santiago;10017124;CYT TETRA  TINTO(N) 1500 8U CL;25/9/2008;9;2008;212
Santiago;10017124;CYT TETRA  TINTO(N) 1500 8U CL;26/9/2008;9;2008;175
Santiago;10017124;CYT TETRA  TINTO(N) 1500 8U CL;27/9/2008;9;2008;119
Santiago;10017124;CYT TETRA  TINTO(N) 1500 8U CL;29/9/2008;9;2008;95
Santiago;10017124;CYT TETRA  TINTO(N) 1500 8U CL;30/9/2008;9;2008;4319
Santiago;10017124;CYT TETRA  TINTO(N) 1500 8U CL;1/10/2008;10;2008;0
Santiago;10017124;CYT TETRA  TINTO(N) 1500 8U CL;2/10/2008;10;2008;70
Santiago;10017124;CYT TETRA  TINTO(N) 1500 8U CL;3/10/2008;10;2008;148
Santiago;10017124;CYT TETRA  TINTO(N) 1500 8U CL;4/10/2008;10;2008;79
Santiago;10017124;CYT TETRA  TINTO(N) 1500 8U CL;6/10/2008;10;2008;0
Santiago;10017124;CYT TETRA  TINTO(N) 1500 8U CL;7/10/2008;10;2008;128
Santiago;10017124;CYT TETRA  TINTO(N) 1500 8U CL;8/10/2008;10;2008;186
Santiago;10017124;CYT TETRA  TINTO(N) 1500 8U CL;9/10/2008;10;2008;159
Santiago;10017124;CYT TETRA  TINTO(N) 1500 8U CL;10/10/2008;10;2008;278
Santiago;10017124;CYT TETRA  TINTO(N) 1500 8U CL;11/10/2008;10;2008;68
Santiago;10017124;CYT TETRA  TINTO(N) 1500 8U CL;13/10/2008;10;2008;12
Santiago;10017124;CYT TETRA  TINTO(N) 1500 8U CL;14/10/2008;10;2008;189
Santiago;10017124;CYT TETRA  TINTO(N) 1500 8U CL;15/10/2008;10;2008;247
Santiago;10017124;CYT TETRA  TINTO(N) 1500 8U CL;16/10/2008;10;2008;164
Santiago;10017124;CYT TETRA  TINTO(N) 1500 8U CL;17/10/2008;10;2008;158
Santiago;10017124;CYT TETRA  TINTO(N) 1500 8U CL;18/10/2008;10;2008;155
Santiago;10017124;CYT TETRA  TINTO(N) 1500 8U CL;20/10/2008;10;2008;75
Santiago;10017124;CYT TETRA  TINTO(N) 1500 8U CL;21/10/2008;10;2008;223
Santiago;10017124;CYT TETRA  TINTO(N) 1500 8U CL;22/10/2008;10;2008;204
Santiago;10017124;CYT TETRA  TINTO(N) 1500 8U CL;23/10/2008;10;2008;240
Santiago;10017124;CYT TETRA  TINTO(N) 1500 8U CL;24/10/2008;10;2008;328
Santiago;10017124;CYT TETRA  TINTO(N) 1500 8U CL;25/10/2008;10;2008;142
Santiago;10017124;CYT TETRA  TINTO(N) 1500 8U CL;27/10/2008;10;2008;0
Santiago;10017124;CYT TETRA  TINTO(N) 1500 8U CL;28/10/2008;10;2008;455
Santiago;10017124;CYT TETRA  TINTO(N) 1500 8U CL;29/10/2008;10;2008;1071
Santiago;10017124;CYT TETRA  TINTO(N) 1500 8U CL;30/10/2008;10;2008;1511
Santiago;10017124;CYT TETRA  TINTO(N) 1500 8U CL;31/10/2008;10;2008;828
Santiago;10017124;CYT TETRA  TINTO(N) 1500 8U CL;3/11/2008;11;2008;0
Santiago;10017124;CYT TETRA  TINTO(N) 1500 8U CL;4/11/2008;11;2008;242
Santiago;10017124;CYT TETRA  TINTO(N) 1500 8U CL;5/11/2008;11;2008;204
Santiago;10017124;CYT TETRA  TINTO(N) 1500 8U CL;6/11/2008;11;2008;227
Santiago;10017124;CYT TETRA  TINTO(N) 1500 8U CL;7/11/2008;11;2008;228
Santiago;10017124;CYT TETRA  TINTO(N) 1500 8U CL;8/11/2008;11;2008;406
Santiago;10017124;CYT TETRA  TINTO(N) 1500 8U CL;10/11/2008;11;2008;1
Santiago;10017124;CYT TETRA  TINTO(N) 1500 8U CL;11/11/2008;11;2008;333
Santiago;10017124;CYT TETRA  TINTO(N) 1500 8U CL;12/11/2008;11;2008;328
Santiago;10017124;CYT TETRA  TINTO(N) 1500 8U CL;13/11/2008;11;2008;454
Santiago;10017124;CYT TETRA  TINTO(N) 1500 8U CL;14/11/2008;11;2008;433
Santiago;10017124;CYT TETRA  TINTO(N) 1500 8U CL;15/11/2008;11;2008;141
Santiago;10017124;CYT TETRA  TINTO(N) 1500 8U CL;17/11/2008;11;2008;0
Santiago;10017124;CYT TETRA  TINTO(N) 1500 8U CL;18/11/2008;11;2008;446
Santiago;10017124;CYT TETRA  TINTO(N) 1500 8U CL;19/11/2008;11;2008;343
Santiago;10017124;CYT TETRA  TINTO(N) 1500 8U CL;20/11/2008;11;2008;505
Santiago;10017124;CYT TETRA  TINTO(N) 1500 8U CL;21/11/2008;11;2008;1274
Santiago;10017124;CYT TETRA  TINTO(N) 1500 8U CL;22/11/2008;11;2008;319
Santiago;10017124;CYT TETRA  TINTO(N) 1500 8U CL;24/11/2008;11;2008;0
Santiago;10017124;CYT TETRA  TINTO(N) 1500 8U CL;25/11/2008;11;2008;1661
Santiago;10017124;CYT TETRA  TINTO(N) 1500 8U CL;26/11/2008;11;2008;643
Santiago;10017124;CYT TETRA  TINTO(N) 1500 8U CL;27/11/2008;11;2008;2013
Santiago;10017124;CYT TETRA  TINTO(N) 1500 8U CL;28/11/2008;11;2008;2063
Santiago;10017124;CYT TETRA  TINTO(N) 1500 8U CL;29/11/2008;11;2008;4176
Santiago;10017124;CYT TETRA  TINTO(N) 1500 8U CL;1/12/2008;12;2008;0
Santiago;10017124;CYT TETRA  TINTO(N) 1500 8U CL;2/12/2008;12;2008;73
Santiago;10017124;CYT TETRA  TINTO(N) 1500 8U CL;3/12/2008;12;2008;233
Santiago;10017124;CYT TETRA  TINTO(N) 1500 8U CL;4/12/2008;12;2008;159
Santiago;10017124;CYT TETRA  TINTO(N) 1500 8U CL;5/12/2008;12;2008;282
Santiago;10017124;CYT TETRA  TINTO(N) 1500 8U CL;6/12/2008;12;2008;326
Santiago;10017124;CYT TETRA  TINTO(N) 1500 8U CL;9/12/2008;12;2008;14
Santiago;10017124;CYT TETRA  TINTO(N) 1500 8U CL;10/12/2008;12;2008;581
Santiago;10017124;CYT TETRA  TINTO(N) 1500 8U CL;11/12/2008;12;2008;235
Santiago;10017124;CYT TETRA  TINTO(N) 1500 8U CL;12/12/2008;12;2008;394
Santiago;10017124;CYT TETRA  TINTO(N) 1500 8U CL;13/12/2008;12;2008;281
Santiago;10017124;CYT TETRA  TINTO(N) 1500 8U CL;15/12/2008;12;2008;188
Santiago;10017124;CYT TETRA  TINTO(N) 1500 8U CL;16/12/2008;12;2008;538
Santiago;10017124;CYT TETRA  TINTO(N) 1500 8U CL;17/12/2008;12;2008;2135
Santiago;10017124;CYT TETRA  TINTO(N) 1500 8U CL;18/12/2008;12;2008;527
Santiago;10017124;CYT TETRA  TINTO(N) 1500 8U CL;19/12/2008;12;2008;755
Santiago;10017124;CYT TETRA  TINTO(N) 1500 8U CL;20/12/2008;12;2008;391
Santiago;10017124;CYT TETRA  TINTO(N) 1500 8U CL;22/12/2008;12;2008;722
Santiago;10017124;CYT TETRA  TINTO(N) 1500 8U CL;23/12/2008;12;2008;680
Santiago;10017124;CYT TETRA  TINTO(N) 1500 8U CL;24/12/2008;12;2008;248
Santiago;10017124;CYT TETRA  TINTO(N) 1500 8U CL;26/12/2008;12;2008;735
Santiago;10017124;CYT TETRA  TINTO(N) 1500 8U CL;27/12/2008;12;2008;561
Santiago;10017124;CYT TETRA  TINTO(N) 1500 8U CL;29/12/2008;12;2008;879
Santiago;10017124;CYT TETRA  TINTO(N) 1500 8U CL;30/12/2008;12;2008;479
Santiago;10017124;CYT TETRA  TINTO(N) 1500 8U CL;31/12/2008;12;2008;3201
Santiago;10017124;CYT TETRA  TINTO(N) 1500 8U CL;2/1/2009;1;2009;0
Santiago;10017124;CYT TETRA  TINTO(N) 1500 8U CL;3/1/2009;1;2009;9
Santiago;10017124;CYT TETRA  TINTO(N) 1500 8U CL;5/1/2009;1;2009;2
Santiago;10017124;CYT TETRA  TINTO(N) 1500 8U CL;6/1/2009;1;2009;70
Santiago;10017124;CYT TETRA  TINTO(N) 1500 8U CL;7/1/2009;1;2009;109
Santiago;10017124;CYT TETRA  TINTO(N) 1500 8U CL;8/1/2009;1;2009;48
Santiago;10017124;CYT TETRA  TINTO(N) 1500 8U CL;9/1/2009;1;2009;111
Santiago;10017124;CYT TETRA  TINTO(N) 1500 8U CL;10/1/2009;1;2009;60
Santiago;10017124;CYT TETRA  TINTO(N) 1500 8U CL;12/1/2009;1;2009;0
Santiago;10017124;CYT TETRA  TINTO(N) 1500 8U CL;13/1/2009;1;2009;109
Santiago;10017124;CYT TETRA  TINTO(N) 1500 8U CL;14/1/2009;1;2009;94
Santiago;10017124;CYT TETRA  TINTO(N) 1500 8U CL;15/1/2009;1;2009;127
Santiago;10017124;CYT TETRA  TINTO(N) 1500 8U CL;16/1/2009;1;2009;159
Santiago;10017124;CYT TETRA  TINTO(N) 1500 8U CL;17/1/2009;1;2009;54
Santiago;10017124;CYT TETRA  TINTO(N) 1500 8U CL;19/1/2009;1;2009;67
Santiago;10017124;CYT TETRA  TINTO(N) 1500 8U CL;20/1/2009;1;2009;95
Santiago;10017124;CYT TETRA  TINTO(N) 1500 8U CL;21/1/2009;1;2009;162
Santiago;10017124;CYT TETRA  TINTO(N) 1500 8U CL;22/1/2009;1;2009;178
Santiago;10017124;CYT TETRA  TINTO(N) 1500 8U CL;23/1/2009;1;2009;128
Santiago;10017124;CYT TETRA  TINTO(N) 1500 8U CL;24/1/2009;1;2009;161
Santiago;10017124;CYT TETRA  TINTO(N) 1500 8U CL;26/1/2009;1;2009;181
Santiago;10017124;CYT TETRA  TINTO(N) 1500 8U CL;27/1/2009;1;2009;143
Santiago;10017124;CYT TETRA  TINTO(N) 1500 8U CL;28/1/2009;1;2009;370
Santiago;10017124;CYT TETRA  TINTO(N) 1500 8U CL;29/1/2009;1;2009;141
Santiago;10017124;CYT TETRA  TINTO(N) 1500 8U CL;30/1/2009;1;2009;711
Santiago;10017124;CYT TETRA  TINTO(N) 1500 8U CL;31/1/2009;1;2009;1865
Santiago;10017124;CYT TETRA  TINTO(N) 1500 8U CL;2/2/2009;2;2009;0
Santiago;10017124;CYT TETRA  TINTO(N) 1500 8U CL;3/2/2009;2;2009;43
Santiago;10017124;CYT TETRA  TINTO(N) 1500 8U CL;4/2/2009;2;2009;114
Santiago;10017124;CYT TETRA  TINTO(N) 1500 8U CL;5/2/2009;2;2009;70
Santiago;10017124;CYT TETRA  TINTO(N) 1500 8U CL;6/2/2009;2;2009;93
Santiago;10017124;CYT TETRA  TINTO(N) 1500 8U CL;7/2/2009;2;2009;92
Santiago;10017124;CYT TETRA  TINTO(N) 1500 8U CL;9/2/2009;2;2009;13
Santiago;10017124;CYT TETRA  TINTO(N) 1500 8U CL;10/2/2009;2;2009;108
Santiago;10017124;CYT TETRA  TINTO(N) 1500 8U CL;11/2/2009;2;2009;141
Santiago;10017124;CYT TETRA  TINTO(N) 1500 8U CL;12/2/2009;2;2009;148
Santiago;10017124;CYT TETRA  TINTO(N) 1500 8U CL;13/2/2009;2;2009;160
Santiago;10017124;CYT TETRA  TINTO(N) 1500 8U CL;14/2/2009;2;2009;167
Santiago;10017124;CYT TETRA  TINTO(N) 1500 8U CL;16/2/2009;2;2009;39
Santiago;10017124;CYT TETRA  TINTO(N) 1500 8U CL;17/2/2009;2;2009;106
Santiago;10017124;CYT TETRA  TINTO(N) 1500 8U CL;18/2/2009;2;2009;339
Santiago;10017124;CYT TETRA  TINTO(N) 1500 8U CL;19/2/2009;2;2009;128
Santiago;10017124;CYT TETRA  TINTO(N) 1500 8U CL;20/2/2009;2;2009;148
Santiago;10017124;CYT TETRA  TINTO(N) 1500 8U CL;21/2/2009;2;2009;137
Santiago;10017124;CYT TETRA  TINTO(N) 1500 8U CL;23/2/2009;2;2009;0
Santiago;10017124;CYT TETRA  TINTO(N) 1500 8U CL;24/2/2009;2;2009;518
Santiago;10017124;CYT TETRA  TINTO(N) 1500 8U CL;25/2/2009;2;2009;470
Santiago;10017124;CYT TETRA  TINTO(N) 1500 8U CL;26/2/2009;2;2009;346
Santiago;10017124;CYT TETRA  TINTO(N) 1500 8U CL;27/2/2009;2;2009;2185
Santiago;10017124;CYT TETRA  TINTO(N) 1500 8U CL;28/2/2009;2;2009;1467
Santiago;10017124;CYT TETRA  TINTO(N) 1500 8U CL;2/3/2009;3;2009;0
Santiago;10017124;CYT TETRA  TINTO(N) 1500 8U CL;3/3/2009;3;2009;171
Santiago;10017124;CYT TETRA  TINTO(N) 1500 8U CL;4/3/2009;3;2009;230
Santiago;10017124;CYT TETRA  TINTO(N) 1500 8U CL;5/3/2009;3;2009;182
Santiago;10017124;CYT TETRA  TINTO(N) 1500 8U CL;6/3/2009;3;2009;282
Santiago;10017124;CYT TETRA  TINTO(N) 1500 8U CL;7/3/2009;3;2009;175
Santiago;10017124;CYT TETRA  TINTO(N) 1500 8U CL;9/3/2009;3;2009;5
Santiago;10017124;CYT TETRA  TINTO(N) 1500 8U CL;10/3/2009;3;2009;300
Santiago;10017124;CYT TETRA  TINTO(N) 1500 8U CL;11/3/2009;3;2009;293
Santiago;10017124;CYT TETRA  TINTO(N) 1500 8U CL;12/3/2009;3;2009;264
Santiago;10017124;CYT TETRA  TINTO(N) 1500 8U CL;13/3/2009;3;2009;408
Santiago;10017124;CYT TETRA  TINTO(N) 1500 8U CL;14/3/2009;3;2009;182
Santiago;10017124;CYT TETRA  TINTO(N) 1500 8U CL;16/3/2009;3;2009;2
Santiago;10017124;CYT TETRA  TINTO(N) 1500 8U CL;17/3/2009;3;2009;308
Santiago;10017124;CYT TETRA  TINTO(N) 1500 8U CL;18/3/2009;3;2009;318
Santiago;10017124;CYT TETRA  TINTO(N) 1500 8U CL;19/3/2009;3;2009;311
Santiago;10017124;CYT TETRA  TINTO(N) 1500 8U CL;20/3/2009;3;2009;250
Santiago;10017124;CYT TETRA  TINTO(N) 1500 8U CL;21/3/2009;3;2009;187
Santiago;10017124;CYT TETRA  TINTO(N) 1500 8U CL;23/3/2009;3;2009;12
Santiago;10017124;CYT TETRA  TINTO(N) 1500 8U CL;24/3/2009;3;2009;340
Santiago;10017124;CYT TETRA  TINTO(N) 1500 8U CL;25/3/2009;3;2009;473
Santiago;10017124;CYT TETRA  TINTO(N) 1500 8U CL;26/3/2009;3;2009;271
Santiago;10017124;CYT TETRA  TINTO(N) 1500 8U CL;27/3/2009;3;2009;362
Santiago;10017124;CYT TETRA  TINTO(N) 1500 8U CL;28/3/2009;3;2009;327
Santiago;10017124;CYT TETRA  TINTO(N) 1500 8U CL;30/3/2009;3;2009;251
Santiago;10017124;CYT TETRA  TINTO(N) 1500 8U CL;31/3/2009;3;2009;2107
Santiago;10017124;CYT TETRA  TINTO(N) 1500 8U CL;1/4/2009;4;2009;0
Santiago;10017124;CYT TETRA  TINTO(N) 1500 8U CL;2/4/2009;4;2009;35
Santiago;10017124;CYT TETRA  TINTO(N) 1500 8U CL;3/4/2009;4;2009;114
Santiago;10017124;CYT TETRA  TINTO(N) 1500 8U CL;4/4/2009;4;2009;40
Santiago;10017124;CYT TETRA  TINTO(N) 1500 8U CL;6/4/2009;4;2009;200
Santiago;10017124;CYT TETRA  TINTO(N) 1500 8U CL;7/4/2009;4;2009;386
Santiago;10017124;CYT TETRA  TINTO(N) 1500 8U CL;8/4/2009;4;2009;1013
Santiago;10017124;CYT TETRA  TINTO(N) 1500 8U CL;9/4/2009;4;2009;426
Santiago;10017124;CYT TETRA  TINTO(N) 1500 8U CL;11/4/2009;4;2009;181
Santiago;10017124;CYT TETRA  TINTO(N) 1500 8U CL;13/4/2009;4;2009;0
Santiago;10017124;CYT TETRA  TINTO(N) 1500 8U CL;14/4/2009;4;2009;362
Santiago;10017124;CYT TETRA  TINTO(N) 1500 8U CL;15/4/2009;4;2009;327
Santiago;10017124;CYT TETRA  TINTO(N) 1500 8U CL;16/4/2009;4;2009;199
Santiago;10017124;CYT TETRA  TINTO(N) 1500 8U CL;17/4/2009;4;2009;184
Santiago;10017124;CYT TETRA  TINTO(N) 1500 8U CL;18/4/2009;4;2009;372
Santiago;10017124;CYT TETRA  TINTO(N) 1500 8U CL;20/4/2009;4;2009;19
Santiago;10017124;CYT TETRA  TINTO(N) 1500 8U CL;21/4/2009;4;2009;208
Santiago;10017124;CYT TETRA  TINTO(N) 1500 8U CL;22/4/2009;4;2009;645
Santiago;10017124;CYT TETRA  TINTO(N) 1500 8U CL;23/4/2009;4;2009;314
Santiago;10017124;CYT TETRA  TINTO(N) 1500 8U CL;24/4/2009;4;2009;232
Santiago;10017124;CYT TETRA  TINTO(N) 1500 8U CL;25/4/2009;4;2009;282
Santiago;10017124;CYT TETRA  TINTO(N) 1500 8U CL;27/4/2009;4;2009;264
Santiago;10017124;CYT TETRA  TINTO(N) 1500 8U CL;28/4/2009;4;2009;902
Santiago;10017124;CYT TETRA  TINTO(N) 1500 8U CL;29/4/2009;4;2009;726
Santiago;10017124;CYT TETRA  TINTO(N) 1500 8U CL;30/4/2009;4;2009;5891
Santiago;10017124;CYT TETRA  TINTO(N) 1500 8U CL;2/5/2009;5;2009;0
Santiago;10017124;CYT TETRA  TINTO(N) 1500 8U CL;4/5/2009;5;2009;0
Santiago;10017124;CYT TETRA  TINTO(N) 1500 8U CL;5/5/2009;5;2009;312
Santiago;10017124;CYT TETRA  TINTO(N) 1500 8U CL;6/5/2009;5;2009;934
Santiago;10017124;CYT TETRA  TINTO(N) 1500 8U CL;7/5/2009;5;2009;319
Santiago;10017124;CYT TETRA  TINTO(N) 1500 8U CL;8/5/2009;5;2009;261
Santiago;10017124;CYT TETRA  TINTO(N) 1500 8U CL;9/5/2009;5;2009;252
Santiago;10017124;CYT TETRA  TINTO(N) 1500 8U CL;11/5/2009;5;2009;166
Santiago;10017124;CYT TETRA  TINTO(N) 1500 8U CL;12/5/2009;5;2009;586
Santiago;10017124;CYT TETRA  TINTO(N) 1500 8U CL;13/5/2009;5;2009;1133
Santiago;10017124;CYT TETRA  TINTO(N) 1500 8U CL;14/5/2009;5;2009;471
Santiago;10017124;CYT TETRA  TINTO(N) 1500 8U CL;15/5/2009;5;2009;823
Santiago;10017124;CYT TETRA  TINTO(N) 1500 8U CL;16/5/2009;5;2009;272
Santiago;10017124;CYT TETRA  TINTO(N) 1500 8U CL;18/5/2009;5;2009;160
Santiago;10017124;CYT TETRA  TINTO(N) 1500 8U CL;19/5/2009;5;2009;371
Santiago;10017124;CYT TETRA  TINTO(N) 1500 8U CL;20/5/2009;5;2009;822
Santiago;10017124;CYT TETRA  TINTO(N) 1500 8U CL;22/5/2009;5;2009;372
Santiago;10017124;CYT TETRA  TINTO(N) 1500 8U CL;23/5/2009;5;2009;440
Santiago;10017124;CYT TETRA  TINTO(N) 1500 8U CL;25/5/2009;5;2009;122
Santiago;10017124;CYT TETRA  TINTO(N) 1500 8U CL;26/5/2009;5;2009;556
Santiago;10017124;CYT TETRA  TINTO(N) 1500 8U CL;27/5/2009;5;2009;1825
Santiago;10017124;CYT TETRA  TINTO(N) 1500 8U CL;28/5/2009;5;2009;465
Santiago;10017124;CYT TETRA  TINTO(N) 1500 8U CL;29/5/2009;5;2009;1282
Santiago;10017124;CYT TETRA  TINTO(N) 1500 8U CL;30/5/2009;5;2009;2314
Santiago;10017124;CYT TETRA  TINTO(N) 1500 8U CL;1/6/2009;6;2009;0
Santiago;10017124;CYT TETRA  TINTO(N) 1500 8U CL;2/6/2009;6;2009;437
Santiago;10017124;CYT TETRA  TINTO(N) 1500 8U CL;3/6/2009;6;2009;518
Santiago;10017124;CYT TETRA  TINTO(N) 1500 8U CL;4/6/2009;6;2009;239
Santiago;10017124;CYT TETRA  TINTO(N) 1500 8U CL;5/6/2009;6;2009;516
Santiago;10017124;CYT TETRA  TINTO(N) 1500 8U CL;6/6/2009;6;2009;324
Santiago;10017124;CYT TETRA  TINTO(N) 1500 8U CL;8/6/2009;6;2009;0
Santiago;10017124;CYT TETRA  TINTO(N) 1500 8U CL;9/6/2009;6;2009;365
Santiago;10017124;CYT TETRA  TINTO(N) 1500 8U CL;10/6/2009;6;2009;689
Santiago;10017124;CYT TETRA  TINTO(N) 1500 8U CL;11/6/2009;6;2009;482
Santiago;10017124;CYT TETRA  TINTO(N) 1500 8U CL;12/6/2009;6;2009;508
Santiago;10017124;CYT TETRA  TINTO(N) 1500 8U CL;13/6/2009;6;2009;355
Santiago;10017124;CYT TETRA  TINTO(N) 1500 8U CL;15/6/2009;6;2009;725
Santiago;10017124;CYT TETRA  TINTO(N) 1500 8U CL;16/6/2009;6;2009;688
Santiago;10017124;CYT TETRA  TINTO(N) 1500 8U CL;17/6/2009;6;2009;924
Santiago;10017124;CYT TETRA  TINTO(N) 1500 8U CL;18/6/2009;6;2009;1076
Santiago;10017124;CYT TETRA  TINTO(N) 1500 8U CL;19/6/2009;6;2009;978
Santiago;10017124;CYT TETRA  TINTO(N) 1500 8U CL;20/6/2009;6;2009;405
Santiago;10017124;CYT TETRA  TINTO(N) 1500 8U CL;22/6/2009;6;2009;27
Santiago;10017124;CYT TETRA  TINTO(N) 1500 8U CL;23/6/2009;6;2009;1422
Santiago;10017124;CYT TETRA  TINTO(N) 1500 8U CL;24/6/2009;6;2009;734
Santiago;10017124;CYT TETRA  TINTO(N) 1500 8U CL;25/6/2009;6;2009;1184
Santiago;10017124;CYT TETRA  TINTO(N) 1500 8U CL;26/6/2009;6;2009;1269
Santiago;10017124;CYT TETRA  TINTO(N) 1500 8U CL;27/6/2009;6;2009;836
Santiago;10017124;CYT TETRA  TINTO(N) 1500 8U CL;30/6/2009;6;2009;6680
Santiago;10021766;CYT TETRA  TTO(ND) 2000 6U CL;2/7/2008;7;2008;55
Santiago;10021766;CYT TETRA  TTO(ND) 2000 6U CL;3/7/2008;7;2008;122
Santiago;10021766;CYT TETRA  TTO(ND) 2000 6U CL;4/7/2008;7;2008;150
Santiago;10021766;CYT TETRA  TTO(ND) 2000 6U CL;5/7/2008;7;2008;63
Santiago;10021766;CYT TETRA  TTO(ND) 2000 6U CL;7/7/2008;7;2008;109
Santiago;10021766;CYT TETRA  TTO(ND) 2000 6U CL;8/7/2008;7;2008;50
Santiago;10021766;CYT TETRA  TTO(ND) 2000 6U CL;9/7/2008;7;2008;132
Santiago;10021766;CYT TETRA  TTO(ND) 2000 6U CL;10/7/2008;7;2008;261
Santiago;10021766;CYT TETRA  TTO(ND) 2000 6U CL;11/7/2008;7;2008;253
Santiago;10021766;CYT TETRA  TTO(ND) 2000 6U CL;12/7/2008;7;2008;56
Santiago;10021766;CYT TETRA  TTO(ND) 2000 6U CL;14/7/2008;7;2008;0
Santiago;10021766;CYT TETRA  TTO(ND) 2000 6U CL;15/7/2008;7;2008;114
Santiago;10021766;CYT TETRA  TTO(ND) 2000 6U CL;16/7/2008;7;2008;30
Santiago;10021766;CYT TETRA  TTO(ND) 2000 6U CL;17/7/2008;7;2008;198
Santiago;10021766;CYT TETRA  TTO(ND) 2000 6U CL;18/7/2008;7;2008;169
Santiago;10021766;CYT TETRA  TTO(ND) 2000 6U CL;19/7/2008;7;2008;199
Santiago;10021766;CYT TETRA  TTO(ND) 2000 6U CL;21/7/2008;7;2008;61
Santiago;10021766;CYT TETRA  TTO(ND) 2000 6U CL;22/7/2008;7;2008;219
Santiago;10021766;CYT TETRA  TTO(ND) 2000 6U CL;23/7/2008;7;2008;461
Santiago;10021766;CYT TETRA  TTO(ND) 2000 6U CL;24/7/2008;7;2008;206
Santiago;10021766;CYT TETRA  TTO(ND) 2000 6U CL;25/7/2008;7;2008;219
Santiago;10021766;CYT TETRA  TTO(ND) 2000 6U CL;26/7/2008;7;2008;121
Santiago;10021766;CYT TETRA  TTO(ND) 2000 6U CL;28/7/2008;7;2008;29
Santiago;10021766;CYT TETRA  TTO(ND) 2000 6U CL;29/7/2008;7;2008;174
Santiago;10021766;CYT TETRA  TTO(ND) 2000 6U CL;30/7/2008;7;2008;292
Santiago;10021766;CYT TETRA  TTO(ND) 2000 6U CL;31/7/2008;7;2008;2273
Santiago;10021766;CYT TETRA  TTO(ND) 2000 6U CL;1/8/2008;8;2008;0
Santiago;10021766;CYT TETRA  TTO(ND) 2000 6U CL;2/8/2008;8;2008;68
Santiago;10021766;CYT TETRA  TTO(ND) 2000 6U CL;4/8/2008;8;2008;0
Santiago;10021766;CYT TETRA  TTO(ND) 2000 6U CL;5/8/2008;8;2008;30
Santiago;10021766;CYT TETRA  TTO(ND) 2000 6U CL;6/8/2008;8;2008;251
Santiago;10021766;CYT TETRA  TTO(ND) 2000 6U CL;7/8/2008;8;2008;447
Santiago;10021766;CYT TETRA  TTO(ND) 2000 6U CL;8/8/2008;8;2008;136
Santiago;10021766;CYT TETRA  TTO(ND) 2000 6U CL;9/8/2008;8;2008;128
Santiago;10021766;CYT TETRA  TTO(ND) 2000 6U CL;11/8/2008;8;2008;125
Santiago;10021766;CYT TETRA  TTO(ND) 2000 6U CL;12/8/2008;8;2008;292
Santiago;10021766;CYT TETRA  TTO(ND) 2000 6U CL;13/8/2008;8;2008;250
Santiago;10021766;CYT TETRA  TTO(ND) 2000 6U CL;14/8/2008;8;2008;521
Santiago;10021766;CYT TETRA  TTO(ND) 2000 6U CL;16/8/2008;8;2008;166
Santiago;10021766;CYT TETRA  TTO(ND) 2000 6U CL;18/8/2008;8;2008;80
Santiago;10021766;CYT TETRA  TTO(ND) 2000 6U CL;19/8/2008;8;2008;64
Santiago;10021766;CYT TETRA  TTO(ND) 2000 6U CL;20/8/2008;8;2008;249
Santiago;10021766;CYT TETRA  TTO(ND) 2000 6U CL;21/8/2008;8;2008;368
Santiago;10021766;CYT TETRA  TTO(ND) 2000 6U CL;22/8/2008;8;2008;2223
Santiago;10021766;CYT TETRA  TTO(ND) 2000 6U CL;23/8/2008;8;2008;111
Santiago;10021766;CYT TETRA  TTO(ND) 2000 6U CL;25/8/2008;8;2008;0
Santiago;10021766;CYT TETRA  TTO(ND) 2000 6U CL;26/8/2008;8;2008;519
Santiago;10021766;CYT TETRA  TTO(ND) 2000 6U CL;27/8/2008;8;2008;143
Santiago;10021766;CYT TETRA  TTO(ND) 2000 6U CL;28/8/2008;8;2008;218
Santiago;10021766;CYT TETRA  TTO(ND) 2000 6U CL;29/8/2008;8;2008;70
Santiago;10021766;CYT TETRA  TTO(ND) 2000 6U CL;30/8/2008;8;2008;841
Santiago;10021766;CYT TETRA  TTO(ND) 2000 6U CL;1/9/2008;9;2008;0
Santiago;10021766;CYT TETRA  TTO(ND) 2000 6U CL;2/9/2008;9;2008;452
Santiago;10021766;CYT TETRA  TTO(ND) 2000 6U CL;3/9/2008;9;2008;228
Santiago;10021766;CYT TETRA  TTO(ND) 2000 6U CL;4/9/2008;9;2008;307
Santiago;10021766;CYT TETRA  TTO(ND) 2000 6U CL;5/9/2008;9;2008;135
Santiago;10021766;CYT TETRA  TTO(ND) 2000 6U CL;6/9/2008;9;2008;197
Santiago;10021766;CYT TETRA  TTO(ND) 2000 6U CL;8/9/2008;9;2008;206
Santiago;10021766;CYT TETRA  TTO(ND) 2000 6U CL;9/9/2008;9;2008;133
Santiago;10021766;CYT TETRA  TTO(ND) 2000 6U CL;10/9/2008;9;2008;437
Santiago;10021766;CYT TETRA  TTO(ND) 2000 6U CL;11/9/2008;9;2008;1051
Santiago;10021766;CYT TETRA  TTO(ND) 2000 6U CL;12/9/2008;9;2008;620
Santiago;10021766;CYT TETRA  TTO(ND) 2000 6U CL;13/9/2008;9;2008;350
Santiago;10021766;CYT TETRA  TTO(ND) 2000 6U CL;15/9/2008;9;2008;38
Santiago;10021766;CYT TETRA  TTO(ND) 2000 6U CL;16/9/2008;9;2008;385
Santiago;10021766;CYT TETRA  TTO(ND) 2000 6U CL;17/9/2008;9;2008;180
Santiago;10021766;CYT TETRA  TTO(ND) 2000 6U CL;20/9/2008;9;2008;15
Santiago;10021766;CYT TETRA  TTO(ND) 2000 6U CL;22/9/2008;9;2008;0
Santiago;10021766;CYT TETRA  TTO(ND) 2000 6U CL;23/9/2008;9;2008;69
Santiago;10021766;CYT TETRA  TTO(ND) 2000 6U CL;24/9/2008;9;2008;390
Santiago;10021766;CYT TETRA  TTO(ND) 2000 6U CL;25/9/2008;9;2008;160
Santiago;10021766;CYT TETRA  TTO(ND) 2000 6U CL;26/9/2008;9;2008;178
Santiago;10021766;CYT TETRA  TTO(ND) 2000 6U CL;27/9/2008;9;2008;33
Santiago;10021766;CYT TETRA  TTO(ND) 2000 6U CL;29/9/2008;9;2008;101
Santiago;10021766;CYT TETRA  TTO(ND) 2000 6U CL;30/9/2008;9;2008;3225
Santiago;10021766;CYT TETRA  TTO(ND) 2000 6U CL;2/10/2008;10;2008;78
Santiago;10021766;CYT TETRA  TTO(ND) 2000 6U CL;3/10/2008;10;2008;88
Santiago;10021766;CYT TETRA  TTO(ND) 2000 6U CL;4/10/2008;10;2008;20
Santiago;10021766;CYT TETRA  TTO(ND) 2000 6U CL;6/10/2008;10;2008;4
Santiago;10021766;CYT TETRA  TTO(ND) 2000 6U CL;7/10/2008;10;2008;60
Santiago;10021766;CYT TETRA  TTO(ND) 2000 6U CL;8/10/2008;10;2008;108
Santiago;10021766;CYT TETRA  TTO(ND) 2000 6U CL;9/10/2008;10;2008;67
Santiago;10021766;CYT TETRA  TTO(ND) 2000 6U CL;10/10/2008;10;2008;93
Santiago;10021766;CYT TETRA  TTO(ND) 2000 6U CL;11/10/2008;10;2008;24
Santiago;10021766;CYT TETRA  TTO(ND) 2000 6U CL;13/10/2008;10;2008;39
Santiago;10021766;CYT TETRA  TTO(ND) 2000 6U CL;14/10/2008;10;2008;201
Santiago;10021766;CYT TETRA  TTO(ND) 2000 6U CL;15/10/2008;10;2008;86
Santiago;10021766;CYT TETRA  TTO(ND) 2000 6U CL;16/10/2008;10;2008;106
Santiago;10021766;CYT TETRA  TTO(ND) 2000 6U CL;17/10/2008;10;2008;488
Santiago;10021766;CYT TETRA  TTO(ND) 2000 6U CL;18/10/2008;10;2008;34
Santiago;10021766;CYT TETRA  TTO(ND) 2000 6U CL;20/10/2008;10;2008;37
Santiago;10021766;CYT TETRA  TTO(ND) 2000 6U CL;21/10/2008;10;2008;466
Santiago;10021766;CYT TETRA  TTO(ND) 2000 6U CL;22/10/2008;10;2008;145
Santiago;10021766;CYT TETRA  TTO(ND) 2000 6U CL;23/10/2008;10;2008;161
Santiago;10021766;CYT TETRA  TTO(ND) 2000 6U CL;24/10/2008;10;2008;245
Santiago;10021766;CYT TETRA  TTO(ND) 2000 6U CL;25/10/2008;10;2008;108
Santiago;10021766;CYT TETRA  TTO(ND) 2000 6U CL;27/10/2008;10;2008;0
Santiago;10021766;CYT TETRA  TTO(ND) 2000 6U CL;28/10/2008;10;2008;808
Santiago;10021766;CYT TETRA  TTO(ND) 2000 6U CL;29/10/2008;10;2008;433
Santiago;10021766;CYT TETRA  TTO(ND) 2000 6U CL;30/10/2008;10;2008;10918
Santiago;10021766;CYT TETRA  TTO(ND) 2000 6U CL;31/10/2008;10;2008;221
Santiago;10021766;CYT TETRA  TTO(ND) 2000 6U CL;3/11/2008;11;2008;0
Santiago;10021766;CYT TETRA  TTO(ND) 2000 6U CL;4/11/2008;11;2008;58
Santiago;10021766;CYT TETRA  TTO(ND) 2000 6U CL;5/11/2008;11;2008;147
Santiago;10021766;CYT TETRA  TTO(ND) 2000 6U CL;6/11/2008;11;2008;110
Santiago;10021766;CYT TETRA  TTO(ND) 2000 6U CL;7/11/2008;11;2008;164
Santiago;10021766;CYT TETRA  TTO(ND) 2000 6U CL;8/11/2008;11;2008;33
Santiago;10021766;CYT TETRA  TTO(ND) 2000 6U CL;10/11/2008;11;2008;13
Santiago;10021766;CYT TETRA  TTO(ND) 2000 6U CL;11/11/2008;11;2008;38
Santiago;10021766;CYT TETRA  TTO(ND) 2000 6U CL;12/11/2008;11;2008;195
Santiago;10021766;CYT TETRA  TTO(ND) 2000 6U CL;13/11/2008;11;2008;102
Santiago;10021766;CYT TETRA  TTO(ND) 2000 6U CL;14/11/2008;11;2008;233
Santiago;10021766;CYT TETRA  TTO(ND) 2000 6U CL;15/11/2008;11;2008;82
Santiago;10021766;CYT TETRA  TTO(ND) 2000 6U CL;18/11/2008;11;2008;53
Santiago;10021766;CYT TETRA  TTO(ND) 2000 6U CL;19/11/2008;11;2008;289
Santiago;10021766;CYT TETRA  TTO(ND) 2000 6U CL;20/11/2008;11;2008;105
Santiago;10021766;CYT TETRA  TTO(ND) 2000 6U CL;21/11/2008;11;2008;151
Santiago;10021766;CYT TETRA  TTO(ND) 2000 6U CL;22/11/2008;11;2008;21
Santiago;10021766;CYT TETRA  TTO(ND) 2000 6U CL;24/11/2008;11;2008;0
Santiago;10021766;CYT TETRA  TTO(ND) 2000 6U CL;25/11/2008;11;2008;145
Santiago;10021766;CYT TETRA  TTO(ND) 2000 6U CL;26/11/2008;11;2008;273
Santiago;10021766;CYT TETRA  TTO(ND) 2000 6U CL;27/11/2008;11;2008;205
Santiago;10021766;CYT TETRA  TTO(ND) 2000 6U CL;28/11/2008;11;2008;4023
Santiago;10021766;CYT TETRA  TTO(ND) 2000 6U CL;29/11/2008;11;2008;432
Santiago;10021766;CYT TETRA  TTO(ND) 2000 6U CL;1/12/2008;12;2008;0
Santiago;10021766;CYT TETRA  TTO(ND) 2000 6U CL;2/12/2008;12;2008;22
Santiago;10021766;CYT TETRA  TTO(ND) 2000 6U CL;3/12/2008;12;2008;144
Santiago;10021766;CYT TETRA  TTO(ND) 2000 6U CL;4/12/2008;12;2008;92
Santiago;10021766;CYT TETRA  TTO(ND) 2000 6U CL;5/12/2008;12;2008;87
Santiago;10021766;CYT TETRA  TTO(ND) 2000 6U CL;6/12/2008;12;2008;99
Santiago;10021766;CYT TETRA  TTO(ND) 2000 6U CL;9/12/2008;12;2008;0
Santiago;10021766;CYT TETRA  TTO(ND) 2000 6U CL;10/12/2008;12;2008;375
Santiago;10021766;CYT TETRA  TTO(ND) 2000 6U CL;11/12/2008;12;2008;137
Santiago;10021766;CYT TETRA  TTO(ND) 2000 6U CL;12/12/2008;12;2008;239
Santiago;10021766;CYT TETRA  TTO(ND) 2000 6U CL;13/12/2008;12;2008;205
Santiago;10021766;CYT TETRA  TTO(ND) 2000 6U CL;15/12/2008;12;2008;97
Santiago;10021766;CYT TETRA  TTO(ND) 2000 6U CL;16/12/2008;12;2008;114
Santiago;10021766;CYT TETRA  TTO(ND) 2000 6U CL;17/12/2008;12;2008;550
Santiago;10021766;CYT TETRA  TTO(ND) 2000 6U CL;18/12/2008;12;2008;250
Santiago;10021766;CYT TETRA  TTO(ND) 2000 6U CL;19/12/2008;12;2008;239
Santiago;10021766;CYT TETRA  TTO(ND) 2000 6U CL;20/12/2008;12;2008;125
Santiago;10021766;CYT TETRA  TTO(ND) 2000 6U CL;22/12/2008;12;2008;16
Santiago;10021766;CYT TETRA  TTO(ND) 2000 6U CL;23/12/2008;12;2008;491
Santiago;10021766;CYT TETRA  TTO(ND) 2000 6U CL;24/12/2008;12;2008;246
Santiago;10021766;CYT TETRA  TTO(ND) 2000 6U CL;26/12/2008;12;2008;350
Santiago;10021766;CYT TETRA  TTO(ND) 2000 6U CL;27/12/2008;12;2008;157
Santiago;10021766;CYT TETRA  TTO(ND) 2000 6U CL;29/12/2008;12;2008;221
Santiago;10021766;CYT TETRA  TTO(ND) 2000 6U CL;30/12/2008;12;2008;113
Santiago;10021766;CYT TETRA  TTO(ND) 2000 6U CL;31/12/2008;12;2008;2216
Santiago;10021766;CYT TETRA  TTO(ND) 2000 6U CL;2/1/2009;1;2009;0
Santiago;10021766;CYT TETRA  TTO(ND) 2000 6U CL;3/1/2009;1;2009;7
Santiago;10021766;CYT TETRA  TTO(ND) 2000 6U CL;6/1/2009;1;2009;15
Santiago;10021766;CYT TETRA  TTO(ND) 2000 6U CL;7/1/2009;1;2009;98
Santiago;10021766;CYT TETRA  TTO(ND) 2000 6U CL;8/1/2009;1;2009;23
Santiago;10021766;CYT TETRA  TTO(ND) 2000 6U CL;9/1/2009;1;2009;190
Santiago;10021766;CYT TETRA  TTO(ND) 2000 6U CL;10/1/2009;1;2009;41
Santiago;10021766;CYT TETRA  TTO(ND) 2000 6U CL;12/1/2009;1;2009;114
Santiago;10021766;CYT TETRA  TTO(ND) 2000 6U CL;13/1/2009;1;2009;21
Santiago;10021766;CYT TETRA  TTO(ND) 2000 6U CL;14/1/2009;1;2009;33
Santiago;10021766;CYT TETRA  TTO(ND) 2000 6U CL;15/1/2009;1;2009;148
Santiago;10021766;CYT TETRA  TTO(ND) 2000 6U CL;16/1/2009;1;2009;106
Santiago;10021766;CYT TETRA  TTO(ND) 2000 6U CL;17/1/2009;1;2009;15
Santiago;10021766;CYT TETRA  TTO(ND) 2000 6U CL;19/1/2009;1;2009;110
Santiago;10021766;CYT TETRA  TTO(ND) 2000 6U CL;20/1/2009;1;2009;75
Santiago;10021766;CYT TETRA  TTO(ND) 2000 6U CL;21/1/2009;1;2009;137
Santiago;10021766;CYT TETRA  TTO(ND) 2000 6U CL;22/1/2009;1;2009;226
Santiago;10021766;CYT TETRA  TTO(ND) 2000 6U CL;23/1/2009;1;2009;84
Santiago;10021766;CYT TETRA  TTO(ND) 2000 6U CL;24/1/2009;1;2009;158
Santiago;10021766;CYT TETRA  TTO(ND) 2000 6U CL;26/1/2009;1;2009;55
Santiago;10021766;CYT TETRA  TTO(ND) 2000 6U CL;27/1/2009;1;2009;41
Santiago;10021766;CYT TETRA  TTO(ND) 2000 6U CL;28/1/2009;1;2009;141
Santiago;10021766;CYT TETRA  TTO(ND) 2000 6U CL;29/1/2009;1;2009;49
Santiago;10021766;CYT TETRA  TTO(ND) 2000 6U CL;30/1/2009;1;2009;4977
Santiago;10021766;CYT TETRA  TTO(ND) 2000 6U CL;31/1/2009;1;2009;1388
Santiago;10021766;CYT TETRA  TTO(ND) 2000 6U CL;3/2/2009;2;2009;29
Santiago;10021766;CYT TETRA  TTO(ND) 2000 6U CL;4/2/2009;2;2009;65
Santiago;10021766;CYT TETRA  TTO(ND) 2000 6U CL;5/2/2009;2;2009;92
Santiago;10021766;CYT TETRA  TTO(ND) 2000 6U CL;6/2/2009;2;2009;98
Santiago;10021766;CYT TETRA  TTO(ND) 2000 6U CL;7/2/2009;2;2009;60
Santiago;10021766;CYT TETRA  TTO(ND) 2000 6U CL;9/2/2009;2;2009;29
Santiago;10021766;CYT TETRA  TTO(ND) 2000 6U CL;10/2/2009;2;2009;85
Santiago;10021766;CYT TETRA  TTO(ND) 2000 6U CL;11/2/2009;2;2009;131
Santiago;10021766;CYT TETRA  TTO(ND) 2000 6U CL;12/2/2009;2;2009;278
Santiago;10021766;CYT TETRA  TTO(ND) 2000 6U CL;13/2/2009;2;2009;122
Santiago;10021766;CYT TETRA  TTO(ND) 2000 6U CL;14/2/2009;2;2009;12
Santiago;10021766;CYT TETRA  TTO(ND) 2000 6U CL;16/2/2009;2;2009;54
Santiago;10021766;CYT TETRA  TTO(ND) 2000 6U CL;17/2/2009;2;2009;14
Santiago;10021766;CYT TETRA  TTO(ND) 2000 6U CL;18/2/2009;2;2009;118
Santiago;10021766;CYT TETRA  TTO(ND) 2000 6U CL;19/2/2009;2;2009;259
Santiago;10021766;CYT TETRA  TTO(ND) 2000 6U CL;20/2/2009;2;2009;67
Santiago;10021766;CYT TETRA  TTO(ND) 2000 6U CL;21/2/2009;2;2009;45
Santiago;10021766;CYT TETRA  TTO(ND) 2000 6U CL;23/2/2009;2;2009;95
Santiago;10021766;CYT TETRA  TTO(ND) 2000 6U CL;24/2/2009;2;2009;225
Santiago;10021766;CYT TETRA  TTO(ND) 2000 6U CL;25/2/2009;2;2009;146
Santiago;10021766;CYT TETRA  TTO(ND) 2000 6U CL;26/2/2009;2;2009;104
Santiago;10021766;CYT TETRA  TTO(ND) 2000 6U CL;27/2/2009;2;2009;247
Santiago;10021766;CYT TETRA  TTO(ND) 2000 6U CL;28/2/2009;2;2009;561
Santiago;10021766;CYT TETRA  TTO(ND) 2000 6U CL;2/3/2009;3;2009;0
Santiago;10021766;CYT TETRA  TTO(ND) 2000 6U CL;3/3/2009;3;2009;58
Santiago;10021766;CYT TETRA  TTO(ND) 2000 6U CL;4/3/2009;3;2009;140
Santiago;10021766;CYT TETRA  TTO(ND) 2000 6U CL;5/3/2009;3;2009;93
Santiago;10021766;CYT TETRA  TTO(ND) 2000 6U CL;6/3/2009;3;2009;99
Santiago;10021766;CYT TETRA  TTO(ND) 2000 6U CL;7/3/2009;3;2009;147
Santiago;10021766;CYT TETRA  TTO(ND) 2000 6U CL;9/3/2009;3;2009;11
Santiago;10021766;CYT TETRA  TTO(ND) 2000 6U CL;10/3/2009;3;2009;190
Santiago;10021766;CYT TETRA  TTO(ND) 2000 6U CL;11/3/2009;3;2009;456
Santiago;10021766;CYT TETRA  TTO(ND) 2000 6U CL;12/3/2009;3;2009;207
Santiago;10021766;CYT TETRA  TTO(ND) 2000 6U CL;13/3/2009;3;2009;277
Santiago;10021766;CYT TETRA  TTO(ND) 2000 6U CL;14/3/2009;3;2009;19
Santiago;10021766;CYT TETRA  TTO(ND) 2000 6U CL;16/3/2009;3;2009;2
Santiago;10021766;CYT TETRA  TTO(ND) 2000 6U CL;17/3/2009;3;2009;431
Santiago;10021766;CYT TETRA  TTO(ND) 2000 6U CL;18/3/2009;3;2009;216
Santiago;10021766;CYT TETRA  TTO(ND) 2000 6U CL;19/3/2009;3;2009;388
Santiago;10021766;CYT TETRA  TTO(ND) 2000 6U CL;20/3/2009;3;2009;122
Santiago;10021766;CYT TETRA  TTO(ND) 2000 6U CL;21/3/2009;3;2009;24
Santiago;10021766;CYT TETRA  TTO(ND) 2000 6U CL;23/3/2009;3;2009;0
Santiago;10021766;CYT TETRA  TTO(ND) 2000 6U CL;24/3/2009;3;2009;80
Santiago;10021766;CYT TETRA  TTO(ND) 2000 6U CL;25/3/2009;3;2009;278
Santiago;10021766;CYT TETRA  TTO(ND) 2000 6U CL;26/3/2009;3;2009;50
Santiago;10021766;CYT TETRA  TTO(ND) 2000 6U CL;27/3/2009;3;2009;230
Santiago;10021766;CYT TETRA  TTO(ND) 2000 6U CL;28/3/2009;3;2009;142
Santiago;10021766;CYT TETRA  TTO(ND) 2000 6U CL;30/3/2009;3;2009;0
Santiago;10021766;CYT TETRA  TTO(ND) 2000 6U CL;31/3/2009;3;2009;4222
Santiago;10021766;CYT TETRA  TTO(ND) 2000 6U CL;1/4/2009;4;2009;0
Santiago;10021766;CYT TETRA  TTO(ND) 2000 6U CL;2/4/2009;4;2009;6
Santiago;10021766;CYT TETRA  TTO(ND) 2000 6U CL;3/4/2009;4;2009;120
Santiago;10021766;CYT TETRA  TTO(ND) 2000 6U CL;4/4/2009;4;2009;11
Santiago;10021766;CYT TETRA  TTO(ND) 2000 6U CL;6/4/2009;4;2009;0
Santiago;10021766;CYT TETRA  TTO(ND) 2000 6U CL;7/4/2009;4;2009;70
Santiago;10021766;CYT TETRA  TTO(ND) 2000 6U CL;8/4/2009;4;2009;316
Santiago;10021766;CYT TETRA  TTO(ND) 2000 6U CL;9/4/2009;4;2009;167
Santiago;10021766;CYT TETRA  TTO(ND) 2000 6U CL;11/4/2009;4;2009;197
Santiago;10021766;CYT TETRA  TTO(ND) 2000 6U CL;13/4/2009;4;2009;63
Santiago;10021766;CYT TETRA  TTO(ND) 2000 6U CL;14/4/2009;4;2009;170
Santiago;10021766;CYT TETRA  TTO(ND) 2000 6U CL;15/4/2009;4;2009;487
Santiago;10021766;CYT TETRA  TTO(ND) 2000 6U CL;16/4/2009;4;2009;116
Santiago;10021766;CYT TETRA  TTO(ND) 2000 6U CL;17/4/2009;4;2009;72
Santiago;10021766;CYT TETRA  TTO(ND) 2000 6U CL;18/4/2009;4;2009;60
Santiago;10021766;CYT TETRA  TTO(ND) 2000 6U CL;20/4/2009;4;2009;5
Santiago;10021766;CYT TETRA  TTO(ND) 2000 6U CL;21/4/2009;4;2009;85
Santiago;10021766;CYT TETRA  TTO(ND) 2000 6U CL;22/4/2009;4;2009;160
Santiago;10021766;CYT TETRA  TTO(ND) 2000 6U CL;23/4/2009;4;2009;203
Santiago;10021766;CYT TETRA  TTO(ND) 2000 6U CL;24/4/2009;4;2009;126
Santiago;10021766;CYT TETRA  TTO(ND) 2000 6U CL;25/4/2009;4;2009;312
Santiago;10021766;CYT TETRA  TTO(ND) 2000 6U CL;27/4/2009;4;2009;0
Santiago;10021766;CYT TETRA  TTO(ND) 2000 6U CL;28/4/2009;4;2009;178
Santiago;10021766;CYT TETRA  TTO(ND) 2000 6U CL;29/4/2009;4;2009;286
Santiago;10021766;CYT TETRA  TTO(ND) 2000 6U CL;30/4/2009;4;2009;5561
Santiago;10021766;CYT TETRA  TTO(ND) 2000 6U CL;2/5/2009;5;2009;0
Santiago;10021766;CYT TETRA  TTO(ND) 2000 6U CL;4/5/2009;5;2009;0
Santiago;10021766;CYT TETRA  TTO(ND) 2000 6U CL;5/5/2009;5;2009;73
Santiago;10021766;CYT TETRA  TTO(ND) 2000 6U CL;6/5/2009;5;2009;340
Santiago;10021766;CYT TETRA  TTO(ND) 2000 6U CL;7/5/2009;5;2009;248
Santiago;10021766;CYT TETRA  TTO(ND) 2000 6U CL;8/5/2009;5;2009;282
Santiago;10021766;CYT TETRA  TTO(ND) 2000 6U CL;9/5/2009;5;2009;112
Santiago;10021766;CYT TETRA  TTO(ND) 2000 6U CL;11/5/2009;5;2009;8
Santiago;10021766;CYT TETRA  TTO(ND) 2000 6U CL;12/5/2009;5;2009;136
Santiago;10021766;CYT TETRA  TTO(ND) 2000 6U CL;13/5/2009;5;2009;372
Santiago;10021766;CYT TETRA  TTO(ND) 2000 6U CL;14/5/2009;5;2009;131
Santiago;10021766;CYT TETRA  TTO(ND) 2000 6U CL;15/5/2009;5;2009;127
Santiago;10021766;CYT TETRA  TTO(ND) 2000 6U CL;16/5/2009;5;2009;38
Santiago;10021766;CYT TETRA  TTO(ND) 2000 6U CL;18/5/2009;5;2009;232
Santiago;10021766;CYT TETRA  TTO(ND) 2000 6U CL;19/5/2009;5;2009;2041
Santiago;10021766;CYT TETRA  TTO(ND) 2000 6U CL;20/5/2009;5;2009;491
Santiago;10021766;CYT TETRA  TTO(ND) 2000 6U CL;22/5/2009;5;2009;165
Santiago;10021766;CYT TETRA  TTO(ND) 2000 6U CL;23/5/2009;5;2009;98
Santiago;10021766;CYT TETRA  TTO(ND) 2000 6U CL;25/5/2009;5;2009;111
Santiago;10021766;CYT TETRA  TTO(ND) 2000 6U CL;26/5/2009;5;2009;327
Santiago;10021766;CYT TETRA  TTO(ND) 2000 6U CL;27/5/2009;5;2009;661
Santiago;10021766;CYT TETRA  TTO(ND) 2000 6U CL;28/5/2009;5;2009;112
Santiago;10021766;CYT TETRA  TTO(ND) 2000 6U CL;29/5/2009;5;2009;159
Santiago;10021766;CYT TETRA  TTO(ND) 2000 6U CL;30/5/2009;5;2009;1576
Santiago;10021766;CYT TETRA  TTO(ND) 2000 6U CL;1/6/2009;6;2009;0
Santiago;10021766;CYT TETRA  TTO(ND) 2000 6U CL;2/6/2009;6;2009;61
Santiago;10021766;CYT TETRA  TTO(ND) 2000 6U CL;3/6/2009;6;2009;206
Santiago;10021766;CYT TETRA  TTO(ND) 2000 6U CL;4/6/2009;6;2009;194
Santiago;10021766;CYT TETRA  TTO(ND) 2000 6U CL;5/6/2009;6;2009;70
Santiago;10021766;CYT TETRA  TTO(ND) 2000 6U CL;6/6/2009;6;2009;146
Santiago;10021766;CYT TETRA  TTO(ND) 2000 6U CL;9/6/2009;6;2009;205
Santiago;10021766;CYT TETRA  TTO(ND) 2000 6U CL;10/6/2009;6;2009;155
Santiago;10021766;CYT TETRA  TTO(ND) 2000 6U CL;11/6/2009;6;2009;159
Santiago;10021766;CYT TETRA  TTO(ND) 2000 6U CL;12/6/2009;6;2009;238
Santiago;10021766;CYT TETRA  TTO(ND) 2000 6U CL;13/6/2009;6;2009;91
Santiago;10021766;CYT TETRA  TTO(ND) 2000 6U CL;15/6/2009;6;2009;295
Santiago;10021766;CYT TETRA  TTO(ND) 2000 6U CL;16/6/2009;6;2009;229
Santiago;10021766;CYT TETRA  TTO(ND) 2000 6U CL;17/6/2009;6;2009;411
Santiago;10021766;CYT TETRA  TTO(ND) 2000 6U CL;18/6/2009;6;2009;181
Santiago;10021766;CYT TETRA  TTO(ND) 2000 6U CL;19/6/2009;6;2009;590
Santiago;10021766;CYT TETRA  TTO(ND) 2000 6U CL;20/6/2009;6;2009;91
Santiago;10021766;CYT TETRA  TTO(ND) 2000 6U CL;22/6/2009;6;2009;59
Santiago;10021766;CYT TETRA  TTO(ND) 2000 6U CL;23/6/2009;6;2009;241
Santiago;10021766;CYT TETRA  TTO(ND) 2000 6U CL;24/6/2009;6;2009;497
Santiago;10021766;CYT TETRA  TTO(ND) 2000 6U CL;25/6/2009;6;2009;197
Santiago;10021766;CYT TETRA  TTO(ND) 2000 6U CL;26/6/2009;6;2009;159
Santiago;10021766;CYT TETRA  TTO(ND) 2000 6U CL;27/6/2009;6;2009;279
Santiago;10021766;CYT TETRA  TTO(ND) 2000 6U CL;30/6/2009;6;2009;5202
